timestamp,elapsed_s,gpu0_power_w,gpu0_mem_used_gb,gpu0_util_pct,gpu0_mem_bw_util_pct,gpu0_temp_c,gpu0_pcie_tx_mb_s,gpu0_pcie_rx_mb_s,gpu1_power_w,gpu1_mem_used_gb,gpu1_util_pct,gpu1_mem_bw_util_pct,gpu1_temp_c,gpu1_pcie_tx_mb_s,gpu1_pcie_rx_mb_s,gpu2_power_w,gpu2_mem_used_gb,gpu2_util_pct,gpu2_mem_bw_util_pct,gpu2_temp_c,gpu2_pcie_tx_mb_s,gpu2_pcie_rx_mb_s,gpu3_power_w,gpu3_mem_used_gb,gpu3_util_pct,gpu3_mem_bw_util_pct,gpu3_temp_c,gpu3_pcie_tx_mb_s,gpu3_pcie_rx_mb_s,kv_cache_pct,requests_running,requests_waiting
1783046799.033,0.000,28.7,91.64,0,0,71,0.7,0.5,24.9,91.64,0,0,59,0.7,0.6,18.5,91.64,0,0,68,1.6,0.5,14.8,91.64,0,0,62,0.8,0.5,0.0,0,0
1783046799.582,0.549,28.7,91.64,0,0,71,0.9,0.6,24.9,91.64,0,0,59,2.3,0.5,18.6,91.64,0,0,68,2.0,0.5,14.8,91.64,0,0,62,2.3,2.4,0.0,0,0
1783046800.019,0.985,27.7,91.64,0,0,70,0.8,0.6,24.9,91.64,0,0,59,0.8,0.5,18.6,91.64,0,0,68,1.5,0.6,14.8,91.64,0,0,62,0.8,0.5,0.0,0,0
1783046800.446,1.413,27.7,91.64,0,0,70,3.2,0.5,25.0,91.64,0,0,59,0.7,1.0,18.8,91.64,0,0,68,2.4,0.5,14.9,91.64,0,0,62,0.8,0.5,0.0,0,0
1783046800.873,1.840,27.7,91.64,0,0,70,0.8,0.5,25.0,91.64,0,0,59,0.7,0.7,18.8,91.64,0,0,68,2.9,2.3,14.9,91.64,0,0,62,0.8,0.6,0.0,0,0
1783046801.301,2.268,27.8,91.64,0,0,70,0.7,0.5,25.0,91.64,0,0,59,2.3,0.5,17.8,91.64,0,0,67,0.7,0.5,14.9,91.64,0,0,62,2.4,0.5,0.0,0,0
1783046801.727,2.694,27.8,91.64,0,0,70,2.8,2.5,25.0,91.64,0,0,59,2.2,2.4,17.8,91.64,0,0,67,4.3,0.6,14.9,91.64,0,0,62,0.8,0.5,0.0,0,0
1783046802.170,3.137,27.7,91.64,0,0,70,2.8,0.7,25.0,91.64,0,0,59,2.9,2.3,18.5,91.64,0,0,67,2.9,0.6,15.1,91.64,0,0,62,0.8,0.5,0.0,0,0
1783046802.597,3.563,27.7,91.64,0,0,70,0.7,0.6,24.9,91.64,0,0,59,2.4,0.5,18.5,91.64,0,0,67,1.6,0.7,15.1,91.64,0,0,62,2.4,2.8,0.0,0,0
1783046803.028,3.995,28.2,91.64,0,0,70,0.8,0.6,24.9,91.64,0,0,59,0.7,0.5,18.5,91.64,0,0,67,0.7,4.4,15.1,91.64,0,0,62,0.7,0.5,0.0,0,0
1783046803.455,4.421,28.2,91.64,0,0,70,3.0,0.5,25.6,91.64,0,0,59,0.7,0.5,18.5,91.64,0,0,67,2.4,1.0,15.2,91.64,0,0,62,0.7,0.5,0.0,0,0
1783046803.883,4.850,28.2,91.64,0,0,70,0.8,0.5,25.6,91.64,0,0,59,0.7,1.8,18.5,91.64,0,0,67,3.0,2.3,15.2,91.64,0,0,62,0.8,0.5,0.0,0,0
1783046804.314,5.280,27.7,91.64,0,0,70,0.8,0.6,24.9,91.64,0,0,59,2.2,0.4,18.3,91.64,0,0,67,0.7,0.5,15.2,91.64,0,0,61,2.4,0.5,0.0,0,0
1783046804.741,5.708,27.7,91.64,0,0,70,3.2,3.7,24.9,91.64,0,0,59,7.6,2.5,18.3,91.64,0,0,67,2.4,0.6,15.2,91.64,0,0,61,0.8,0.6,0.0,0,0
1783046805.178,6.145,27.7,91.64,0,0,70,0.8,0.5,24.9,91.64,0,0,59,0.7,0.6,17.7,91.64,0,0,67,0.7,0.6,15.1,91.64,0,0,61,0.8,0.6,0.0,0,0
1783046805.605,6.572,27.7,91.64,0,0,70,0.7,0.6,25.0,91.64,0,0,59,2.3,0.5,17.7,91.64,0,0,67,1.5,0.8,15.1,91.64,0,0,61,2.4,6.9,0.0,0,0
1783046806.046,7.013,27.5,91.64,0,0,70,2.4,0.5,25.0,91.64,0,0,59,0.7,5.0,17.7,91.64,0,0,67,2.4,1.1,15.1,91.64,0,0,61,0.7,0.8,0.0,0,0
1783046806.483,7.450,27.5,91.64,0,0,70,0.8,0.5,25.0,91.64,0,0,58,0.7,0.5,17.4,91.64,0,0,67,1.5,0.5,15.0,91.64,0,0,61,0.7,0.5,0.0,0,0
1783046806.910,7.876,27.5,91.64,0,0,70,0.7,0.5,25.0,91.64,0,0,58,4.4,0.7,17.4,91.64,0,0,67,2.9,0.5,15.0,91.64,0,0,61,2.3,0.6,0.0,0,0
1783046807.340,8.307,28.1,91.64,0,0,70,0.7,0.6,25.0,91.64,0,0,58,0.7,0.5,17.4,91.64,0,0,67,0.7,0.6,14.7,91.64,0,0,61,0.7,0.5,0.0,0,0
1783046807.768,8.735,28.1,91.64,0,0,70,2.9,1.4,25.0,91.64,0,0,58,2.3,2.1,17.4,91.64,0,0,67,0.7,0.5,14.7,91.64,0,0,61,0.7,0.7,0.0,0,0
1783046808.214,9.181,28.0,91.64,0,0,70,0.7,0.6,24.9,91.64,0,0,58,2.4,0.5,17.2,91.64,0,0,67,0.7,0.6,14.6,91.64,0,0,61,2.4,0.6,0.0,0,0
1783046808.641,9.608,28.0,91.64,0,0,70,0.8,0.6,24.9,91.64,0,0,58,0.7,0.6,17.2,91.64,0,0,67,2.9,2.1,14.6,91.64,0,0,61,5.0,3.7,0.0,0,0
1783046809.080,10.047,27.6,91.64,0,0,69,0.7,0.5,24.9,91.64,0,0,58,0.7,0.5,17.2,91.64,0,0,67,0.8,1.1,14.6,91.64,0,0,61,1.9,0.5,0.0,0,0
1783046809.507,10.474,27.6,91.64,0,0,69,0.7,0.6,25.0,91.64,0,0,58,2.4,0.5,17.4,91.64,0,0,67,1.5,0.5,14.7,91.64,0,0,61,0.7,0.5,0.0,0,0
1783046809.934,10.901,27.6,91.64,0,0,69,2.1,0.8,25.0,91.64,0,0,58,2.7,0.6,17.4,91.64,0,0,67,0.7,0.5,14.7,91.64,0,0,61,0.7,0.5,0.0,0,0
1783046810.364,11.331,27.2,91.65,0,0,69,2.3,0.5,26.3,91.65,0,0,58,1.1,0.5,17.7,91.65,0,0,66,2.3,0.5,14.8,91.65,0,0,61,0.7,0.5,0.0,0,0
1783046810.793,11.759,39.9,91.65,0,0,70,2.7,0.4,40.6,91.65,0,0,59,0.8,0.5,34.2,91.65,0,0,68,0.6,5.3,31.2,91.65,0,0,62,0.6,0.6,0.0,0,0
1783046811.220,12.186,76.7,91.69,0,0,70,1.6,7.4,80.7,91.69,0,0,59,3.2,5.6,80.8,91.69,0,0,68,0.6,2152.4,74.2,91.73,0,0,62,0.6,0.5,0.0,0,0
1783046811.647,12.614,95.5,91.73,0,0,71,887.9,315.5,80.7,91.73,0,0,59,2589.5,0.6,81.8,91.77,0,0,68,3.0,4.0,74.6,91.77,9,0,62,4.8,2.0,0.0,0,0
1783046812.084,13.051,96.5,91.77,0,0,71,934.2,2257.1,81.1,91.81,3,0,59,9231.0,0.4,81.8,91.81,0,0,68,1.7,0.6,74.6,91.81,9,0,62,7.4,0.5,0.0,0,0
1783046812.530,13.497,98.2,91.81,0,0,71,0.7,0.5,82.6,91.81,12,1,59,1.2,0.5,84.0,91.81,4,0,68,6.7,0.5,77.4,91.81,54,1,62,2.3,0.5,0.0,0,0
1783046812.955,13.922,98.2,91.81,0,0,71,5.3,28.7,82.4,91.99,0,0,59,8.8,20.4,83.6,91.99,0,0,68,9.7,18.8,77.4,91.99,0,0,62,1.2,0.5,0.0,0,0
1783046813.387,14.354,97.6,91.99,0,0,71,0.7,0.5,95.7,91.99,0,0,60,0.6,0.5,96.2,91.99,93,71,69,0.7,0.5,89.0,91.99,16,12,63,0.7,0.5,0.0,0,0
1783046813.813,14.779,111.3,91.99,0,0,71,0.7,0.5,104.6,91.99,80,59,61,2.3,0.5,109.1,91.99,0,0,70,5.7,0.5,98.4,91.99,77,55,63,0.7,2.2,0.0,0,0
1783046814.241,15.207,127.0,91.99,0,0,71,0.7,0.5,97.2,91.99,0,0,60,0.6,0.5,98.0,91.99,0,0,68,0.7,0.5,90.4,91.99,0,0,62,7.9,21.8,0.0,0,0
1783046814.668,15.635,117.2,91.99,53,32,72,2.3,0.5,97.2,91.99,0,0,60,0.6,4.1,99.9,91.99,0,0,69,6.5,3.2,100.7,91.99,0,0,63,2.7,0.5,0.0,0,0
1783046815.104,16.070,109.4,91.99,0,0,71,0.7,0.5,109.5,91.99,0,0,60,0.6,0.5,99.9,91.99,0,0,69,9.9,20.1,88.0,91.99,0,0,63,9.6,17.7,0.0,0,0
1783046815.532,16.499,122.0,91.99,0,0,72,0.7,0.5,97.3,91.99,0,0,60,0.7,0.5,97.1,91.99,0,0,69,0.8,0.9,88.0,91.99,0,0,63,2.3,0.5,0.0,0,0
1783046815.958,16.925,109.6,91.99,0,0,71,2.3,2.1,96.6,91.99,0,0,60,0.6,0.4,96.4,91.99,0,0,69,0.6,0.5,89.5,91.99,0,0,63,0.7,0.5,0.0,0,0
1783046816.384,17.351,109.6,91.99,0,0,71,0.6,0.4,97.7,91.99,0,0,60,0.6,0.4,97.6,91.99,0,0,69,2.3,0.5,88.3,91.99,0,0,63,0.6,0.5,0.0,0,0
1783046816.809,17.776,103.8,91.99,0,0,71,0.7,0.5,96.5,91.99,0,0,60,0.6,0.5,96.4,91.99,0,0,69,0.6,0.5,88.4,91.99,0,0,63,0.6,0.8,0.0,0,0
1783046817.235,18.202,103.8,91.99,0,0,71,1.3,0.5,96.5,91.99,0,0,60,0.6,0.5,96.4,91.99,0,0,69,0.9,0.5,88.4,91.99,0,0,63,2.3,0.5,0.0,0,0
1783046817.661,18.628,96.6,91.99,0,0,71,2.3,0.4,96.5,91.99,0,0,60,0.6,2.3,83.9,91.99,0,0,69,5.0,3.8,76.1,91.99,0,0,63,4.8,0.5,0.0,0,0
1783046818.090,19.056,96.6,91.99,0,0,71,0.6,0.5,83.5,91.99,0,0,60,0.6,0.4,83.9,91.99,0,0,69,0.7,0.5,76.1,91.99,0,0,63,1.8,4.7,0.0,0,0
1783046818.515,19.482,96.4,91.99,0,0,72,0.6,0.5,83.5,91.99,0,0,60,2.3,0.5,83.9,91.99,0,0,69,0.6,0.5,76.1,91.99,0,0,63,1.3,0.5,0.0,0,0
1783046818.941,19.907,96.4,91.99,0,0,72,3.6,0.8,82.1,91.99,0,0,60,2.6,0.4,81.9,91.99,0,0,69,0.7,0.4,74.9,91.99,0,0,63,2.3,0.5,0.0,0,0
1783046819.367,20.334,96.4,91.99,0,0,72,2.2,0.4,82.1,91.99,0,0,60,0.6,0.4,81.9,91.99,0,0,69,2.2,0.4,74.9,91.99,0,0,63,0.6,0.4,0.0,0,0
1783046819.795,20.762,96.4,91.99,0,0,72,2.6,0.4,80.7,91.99,0,0,60,0.8,0.5,81.8,91.99,0,0,69,0.6,0.4,74.9,91.99,0,0,63,0.6,0.6,0.0,0,0
1783046820.222,21.189,96.4,91.99,0,0,72,0.6,0.9,80.7,91.99,0,0,60,2.2,0.5,81.8,91.99,0,0,69,5.8,0.5,74.9,91.99,0,0,63,0.6,0.5,0.0,0,0
1783046820.652,21.619,96.7,91.99,0,0,72,1.3,0.5,80.7,91.99,0,0,60,0.6,2.3,81.7,91.99,0,0,69,2.8,3.9,75.1,91.99,0,0,63,4.7,2.0,0.0,0,0
1783046821.089,22.056,96.7,91.99,0,0,72,0.6,0.5,80.8,91.99,0,0,60,0.6,0.5,81.7,91.99,0,0,69,0.6,0.5,75.1,91.99,0,0,63,1.7,0.5,0.0,0,0
1783046821.516,22.483,96.7,91.99,0,0,72,0.6,0.5,80.8,91.99,0,0,60,2.3,0.4,81.7,91.99,0,0,69,0.6,0.5,75.1,91.99,0,0,63,1.3,0.5,0.0,0,0
1783046821.944,22.910,96.7,91.99,0,0,72,3.6,1.2,80.8,91.99,0,0,60,2.0,5.0,81.8,91.99,0,0,69,0.7,0.5,75.1,91.99,0,0,63,0.6,0.5,0.0,0,0
1783046822.377,23.344,96.7,91.99,0,0,72,2.2,0.5,80.8,91.99,0,0,60,0.6,0.5,81.8,91.99,0,0,69,2.3,0.5,75.1,91.99,0,0,63,0.7,0.5,0.0,0,0
1783046822.804,23.771,96.9,91.99,0,0,72,0.6,0.5,80.8,91.99,0,0,60,0.6,0.5,81.7,91.99,0,0,69,0.7,0.5,75.1,91.99,0,0,63,0.6,0.7,0.0,0,0
1783046823.230,24.197,96.9,91.99,0,0,72,0.6,4.7,80.8,91.99,0,0,60,2.3,0.5,81.7,91.99,0,0,69,0.8,0.5,75.1,91.99,0,0,63,2.3,0.5,0.0,0,0
1783046823.658,24.624,97.6,91.99,0,0,72,1.3,0.5,80.8,91.99,0,0,60,0.6,2.4,81.5,91.99,0,0,69,4.8,2.3,74.9,91.99,0,0,63,2.7,2.0,0.0,0,0
1783046824.086,25.053,97.6,91.99,0,0,72,0.6,0.4,80.7,91.99,0,0,60,0.6,0.4,81.5,91.99,0,0,69,2.3,0.5,74.9,91.99,0,0,63,1.7,0.5,0.0,0,0
1783046824.514,25.480,97.1,91.99,0,0,72,0.6,0.4,80.7,91.99,0,0,60,1.8,0.4,81.5,91.99,0,0,69,0.6,0.5,74.9,91.99,0,0,63,0.6,1.0,0.0,0,0
1783046824.941,25.907,97.1,91.99,0,0,72,3.6,0.8,80.6,91.99,0,0,60,2.7,0.4,81.5,91.99,0,0,69,0.6,0.5,74.7,91.99,0,0,63,2.3,0.5,0.0,0,0
1783046825.368,26.335,97.1,91.99,0,0,72,4.5,9.0,80.6,91.99,0,0,60,0.6,0.5,81.5,91.99,0,0,69,2.3,11.4,74.7,91.99,0,0,63,0.6,16.9,0.0,0,0
1783046825.797,26.764,105.6,91.99,99,23,75,2.7,0.4,85.2,91.99,99,19,61,0.8,0.5,97.5,91.99,92,30,70,0.7,0.5,89.8,91.99,76,24,67,0.7,0.6,0.0,0,0
1783046826.223,27.190,110.9,91.99,0,0,72,0.7,0.5,93.3,91.99,0,0,61,3.3,0.5,94.3,91.99,0,0,69,0.8,0.4,86.1,91.99,0,0,63,0.7,0.7,0.0,0,0
1783046826.650,27.617,110.7,91.99,0,0,72,0.6,1.0,93.3,91.99,0,0,61,0.6,2.2,85.5,91.99,0,0,69,2.8,3.9,95.4,91.99,0,0,63,4.7,2.0,0.0,0,0
1783046827.081,28.048,110.7,91.99,0,0,72,0.6,0.5,105.2,91.99,0,0,61,0.6,0.4,85.5,91.99,0,0,69,2.3,0.5,95.4,91.99,0,0,63,1.5,0.5,0.0,0,0
1783046827.533,28.499,97.5,91.99,0,0,72,0.6,0.4,105.2,91.99,0,0,61,2.3,0.5,85.5,91.99,0,0,69,0.8,0.5,95.4,91.99,0,0,63,2.3,4.8,0.0,0,0
1783046827.960,28.926,97.5,91.99,0,0,72,0.7,2.1,83.9,91.99,0,0,61,0.6,0.5,84.6,91.99,0,0,69,0.6,0.5,75.1,91.99,0,0,63,0.6,0.6,0.0,0,0
1783046828.388,29.355,97.5,91.99,0,0,72,5.6,0.6,83.9,91.99,0,0,61,0.6,0.4,84.6,91.99,0,0,69,2.3,0.5,75.1,91.99,0,0,63,0.7,0.5,0.0,0,0
1783046828.816,29.783,97.7,91.99,0,0,72,0.6,0.5,80.9,91.99,0,0,61,2.3,0.5,82.1,91.99,0,0,69,0.7,0.5,75.1,91.99,0,0,63,0.6,2.2,0.0,0,0
1783046829.243,30.210,97.7,91.99,0,0,72,0.7,0.5,80.9,91.99,0,0,61,1.3,0.5,82.1,91.99,0,0,69,0.6,0.5,75.1,91.99,0,0,63,2.3,0.5,0.0,0,0
1783046829.670,30.637,97.6,91.99,0,0,72,2.3,0.9,80.9,91.99,0,0,61,0.6,3.9,82.0,91.99,0,0,69,6.4,3.9,75.2,91.99,0,0,63,2.7,0.5,0.0,0,0
1783046830.106,31.073,97.6,91.99,0,0,72,0.6,0.5,80.9,91.99,0,0,61,5.6,0.5,82.0,91.99,0,0,69,1.4,0.5,75.2,91.99,0,0,63,0.6,0.5,0.0,0,0
1783046830.538,31.504,97.6,91.99,0,0,72,0.7,0.4,80.9,91.99,0,0,61,0.6,0.5,82.0,91.99,0,0,69,0.8,0.5,75.2,91.99,0,0,63,2.3,0.9,0.0,0,0
1783046830.964,31.931,97.6,91.99,0,0,72,3.0,0.6,81.0,91.99,0,0,61,0.6,0.4,81.7,91.99,0,0,69,0.7,0.5,75.3,91.99,0,0,63,0.6,0.5,0.0,0,0
1783046831.395,32.362,97.6,91.99,0,0,72,0.6,0.5,81.0,91.99,0,0,61,0.6,0.5,81.7,91.99,0,0,69,0.7,0.5,75.3,91.99,0,0,63,0.6,0.4,0.0,0,0
1783046831.822,32.789,97.1,91.99,0,0,72,0.7,0.5,81.0,91.99,0,0,61,3.3,21.1,82.0,91.99,0,0,69,0.7,0.5,75.5,91.99,1,1,63,0.7,2.2,0.0,0,0
1783046832.253,33.220,112.5,91.99,0,0,73,0.6,0.5,96.0,91.99,0,0,61,1.3,0.5,95.5,91.99,0,0,70,0.7,0.5,88.2,91.99,0,0,64,0.6,0.5,0.0,0,0
1783046832.679,33.646,121.9,91.99,0,0,73,6.9,1.9,96.0,91.99,0,0,61,2.8,4.0,103.0,91.99,0,0,70,6.4,2.1,94.9,91.99,0,0,63,0.6,0.5,0.0,0,0
1783046833.116,34.083,120.1,91.99,0,0,73,0.6,0.4,93.2,91.99,0,0,61,0.6,0.5,103.5,91.99,0,0,70,0.6,0.5,95.0,91.99,0,0,64,0.6,0.5,0.0,0,0
1783046833.543,34.509,120.1,91.99,0,0,73,0.7,0.5,105.8,91.99,0,0,61,0.6,0.4,103.5,91.99,0,0,70,0.8,0.5,95.0,91.99,0,0,64,2.3,0.5,0.0,0,0
1783046833.969,34.936,100.1,91.99,0,0,73,4.3,0.5,105.8,91.99,0,0,61,0.6,0.4,103.5,91.99,0,0,70,0.6,0.5,95.0,91.99,0,0,64,0.6,0.5,0.0,0,0
1783046834.397,35.364,100.1,91.99,0,0,73,0.6,0.5,84.3,91.99,0,0,61,0.6,0.5,84.8,91.99,0,0,70,5.7,0.5,76.7,91.99,0,0,64,0.7,0.4,0.0,0,0
1783046834.829,35.795,100.1,91.99,0,0,73,0.6,0.5,84.3,91.99,0,0,61,2.3,0.4,84.8,91.99,0,0,70,0.6,0.5,76.7,91.99,0,0,64,0.6,3.7,0.0,0,0
1783046835.256,36.222,98.1,91.99,0,0,73,0.6,0.5,81.2,91.99,0,0,61,1.3,0.4,82.4,91.99,0,0,70,0.6,0.5,75.5,91.99,0,0,64,0.7,0.5,0.0,0,0
1783046835.683,36.649,98.1,91.99,0,0,73,2.3,2.6,81.2,91.99,0,0,61,2.7,4.0,82.4,91.99,0,0,70,6.5,2.2,75.5,91.99,0,0,64,6.5,23.8,0.0,0,0
1783046836.111,37.078,114.7,91.99,40,32,74,0.6,0.5,81.2,91.99,0,0,61,8.2,22.6,97.4,91.99,0,0,70,1.2,0.5,90.2,91.99,0,0,64,0.7,4.9,0.0,0,0
1783046836.548,37.515,110.4,91.99,0,0,73,0.6,0.5,87.3,91.99,99,69,63,1.0,0.5,97.4,91.99,0,0,70,0.7,0.5,90.2,91.99,0,0,64,2.3,0.5,0.0,0,0
1783046836.975,37.941,118.9,91.99,0,0,73,4.3,0.4,92.8,91.99,0,0,61,0.6,0.5,94.3,91.99,0,0,70,2.3,0.4,86.8,91.99,0,0,64,0.6,0.4,0.0,0,0
1783046837.402,38.368,118.9,91.99,0,0,73,0.6,0.5,94.5,91.99,0,0,61,0.6,0.5,104.1,91.99,0,0,70,0.6,0.4,95.5,91.99,0,0,64,0.6,0.5,0.0,0,0
1783046837.829,38.795,118.9,91.99,0,0,73,0.7,0.4,94.5,91.99,0,0,61,2.3,0.5,104.1,91.99,0,0,70,0.6,0.4,95.5,91.99,0,0,64,0.7,2.2,0.0,0,0
1783046838.256,39.223,98.6,91.99,0,0,73,0.6,4.9,81.5,91.99,0,0,61,6.4,0.4,84.9,91.99,0,0,70,0.6,0.5,76.8,91.99,0,0,64,0.6,0.5,0.0,0,0
1783046838.691,39.658,98.6,91.99,0,0,73,0.6,2.2,81.5,91.99,0,0,61,5.0,3.8,84.9,91.99,0,0,70,2.9,2.0,76.8,91.99,0,0,64,0.6,0.5,0.0,0,0
1783046839.127,40.094,98.6,91.99,0,0,73,11.2,21.6,81.5,91.99,0,0,61,2.3,0.5,82.7,91.99,0,0,70,0.7,14.0,88.8,91.99,99,84,66,0.7,0.5,0.0,0,0
1783046839.556,40.523,111.8,91.99,0,0,73,0.6,0.5,81.5,91.99,0,0,61,1.7,0.4,82.7,91.99,0,0,70,0.7,0.5,88.8,91.99,99,84,66,1.2,0.6,0.0,0,0
1783046839.983,40.950,118.9,91.99,0,0,73,4.3,0.5,95.0,91.99,0,0,62,0.6,0.5,94.0,91.99,0,0,70,2.3,0.5,87.0,91.99,0,0,64,0.7,0.5,0.0,0,0
1783046840.410,41.376,118.9,91.99,0,0,73,0.6,0.4,92.7,91.99,0,0,61,0.6,0.5,99.0,91.99,0,0,70,0.7,0.5,94.8,91.99,0,0,64,0.6,0.5,0.0,0,0
1783046840.838,41.804,120.0,91.99,0,0,73,0.6,0.4,91.6,91.99,0,0,61,2.3,0.4,95.4,91.99,0,0,70,0.6,0.7,94.8,91.99,0,0,64,4.7,2.0,0.0,0,0
1783046841.271,42.238,120.0,91.99,0,0,73,2.3,0.5,91.6,91.99,0,0,61,0.6,0.9,95.4,91.99,0,0,70,0.6,0.5,77.2,91.99,0,0,64,0.6,0.5,0.0,0,0
1783046841.698,42.665,100.7,91.99,0,0,73,0.6,4.0,91.6,91.99,0,0,61,6.3,3.8,82.7,91.99,0,0,70,4.9,0.5,77.2,91.99,0,0,64,0.6,0.5,0.0,0,0
1783046842.126,43.093,100.7,91.99,0,0,73,0.7,0.5,84.6,91.99,0,0,61,2.3,0.4,82.7,91.99,0,0,70,0.7,0.5,76.0,91.99,0,0,64,0.6,0.5,0.0,0,0
1783046842.553,43.519,110.4,91.99,97,87,75,1.2,0.5,84.6,91.99,0,0,61,5.7,0.6,82.7,91.99,0,0,70,1.1,0.5,76.0,91.99,0,0,64,1.1,1.1,0.0,0,0
1783046842.982,43.949,110.9,91.99,0,0,73,4.3,0.4,81.9,91.99,0,0,61,0.6,0.4,95.9,91.99,38,35,71,2.3,0.5,88.8,91.99,0,0,64,0.7,0.4,0.0,0,0
1783046843.408,44.375,110.9,91.99,0,0,73,0.6,0.5,94.2,91.99,0,0,62,0.6,0.5,93.2,91.99,0,0,70,0.6,0.5,85.7,91.99,0,0,64,0.6,0.5,0.0,0,0
1783046843.835,44.802,120.2,91.99,0,0,73,0.6,0.4,101.2,91.99,0,0,62,2.3,0.4,102.7,91.99,0,0,70,0.6,0.6,83.4,91.99,0,0,64,2.3,3.7,0.0,0,0
1783046844.262,45.229,120.2,91.99,0,0,73,0.6,0.5,103.5,91.99,0,0,62,0.6,0.4,102.7,91.99,0,0,70,1.3,0.6,83.4,91.99,0,0,64,5.7,0.5,0.0,0,0
1783046844.692,45.658,100.7,91.99,0,0,73,0.6,2.3,103.5,91.99,0,0,62,3.6,2.4,85.0,91.99,0,0,70,5.5,2.1,76.0,91.99,0,0,64,1.6,0.5,0.0,0,0
1783046845.123,46.090,113.1,91.99,67,64,76,0.7,0.5,103.5,91.99,0,0,62,13.5,23.4,95.9,91.99,0,0,71,0.7,0.5,86.1,91.99,0,0,64,0.7,0.5,0.0,0,0
1783046845.555,46.522,109.8,91.99,0,0,73,0.6,0.5,95.0,91.99,97,92,64,0.6,0.5,95.9,91.99,0,0,71,0.6,0.5,86.1,91.99,0,0,64,0.7,0.4,0.0,0,0
1783046845.981,46.948,114.4,91.99,0,0,73,4.2,0.4,94.2,91.99,0,0,62,0.6,0.4,101.3,91.99,0,0,70,2.3,0.4,90.2,91.99,0,0,64,0.6,0.5,0.0,0,0
1783046846.408,47.375,114.4,91.99,0,0,73,0.6,0.5,88.9,91.99,0,0,62,0.6,0.5,102.5,91.99,0,0,70,0.6,0.5,93.7,91.99,0,0,64,0.6,0.5,0.0,0,0
1783046846.840,47.807,114.4,91.99,0,0,73,0.6,0.5,88.9,91.99,0,0,62,2.3,0.4,102.5,91.99,0,0,70,0.6,0.7,93.7,91.99,0,0,64,4.4,2.0,0.0,0,0
1783046847.271,48.238,99.1,91.99,0,0,73,12.9,0.8,84.6,91.99,0,0,62,0.6,0.5,85.4,91.99,0,0,70,1.3,30.5,83.5,91.99,96,89,65,0.7,0.5,0.0,0,0
1783046847.700,48.667,111.3,91.99,0,0,74,2.9,2.4,84.6,91.99,0,0,62,5.7,6.5,96.6,91.99,0,0,71,8.5,0.5,85.9,91.99,0,0,64,0.6,0.5,0.0,0,0
1783046848.141,49.108,117.4,91.99,0,0,73,0.6,0.5,96.7,91.99,0,0,62,2.3,0.4,102.1,91.99,0,0,70,0.7,0.5,84.7,91.99,0,0,64,2.3,0.5,0.0,0,0
1783046848.568,49.535,118.3,91.99,0,0,73,0.6,0.5,103.3,91.99,0,0,62,0.6,0.4,102.1,91.99,0,0,70,0.6,0.5,84.7,91.99,0,0,64,0.7,5.2,0.0,0,0
1783046849.000,49.967,118.3,91.99,0,0,73,0.6,30.8,103.2,91.99,0,0,62,0.6,0.4,86.5,91.99,0,0,71,0.6,0.5,84.7,91.99,0,0,64,0.7,0.5,0.0,0,0
1783046849.427,50.394,118.3,91.99,0,0,73,0.6,0.5,103.2,91.99,0,0,62,2.3,0.4,86.5,91.99,0,0,71,0.7,0.4,94.2,91.99,0,0,65,0.6,0.5,0.0,0,0
1783046849.855,50.822,115.3,91.99,0,0,74,0.6,0.5,100.8,91.99,0,0,62,0.6,0.4,99.8,91.99,0,0,71,0.7,2.1,88.4,91.99,0,0,64,6.4,0.5,0.0,0,0
1783046850.282,51.248,111.2,91.99,0,0,74,2.3,0.4,96.4,91.99,0,0,62,0.6,0.4,95.1,91.99,0,0,71,2.9,0.5,93.8,91.99,0,0,64,0.6,0.5,0.0,0,0
1783046850.708,51.675,119.6,91.99,0,0,74,2.7,6.7,103.3,91.99,0,0,62,2.7,3.8,100.8,91.99,0,0,71,5.4,0.5,93.8,91.99,0,0,64,0.6,0.5,0.0,0,0
1783046851.155,52.122,119.6,91.99,0,0,74,0.6,0.5,103.3,91.99,0,0,62,1.1,0.5,100.8,91.99,0,0,71,0.7,0.5,76.4,91.99,0,0,64,2.3,0.5,0.0,0,0
1783046851.582,52.549,101.3,91.99,0,0,74,2.5,0.5,103.3,91.99,0,0,62,0.6,0.4,100.8,91.99,0,0,71,2.3,0.5,76.4,91.99,0,0,64,1.5,0.8,0.0,0,0
1783046852.009,52.976,102.8,91.99,99,12,74,3.7,0.5,85.3,91.99,0,0,62,0.6,0.5,83.4,91.99,0,0,70,0.6,0.4,76.4,91.99,0,0,64,0.7,0.5,0.0,0,0
1783046852.436,53.403,102.8,91.99,99,12,74,0.6,0.5,88.3,91.99,99,20,64,2.3,5.0,83.6,91.99,95,6,71,0.7,0.5,93.4,91.99,0,0,65,2.3,0.5,0.0,0,0
1783046852.867,53.834,115.8,91.99,0,0,74,0.6,0.5,97.4,91.99,0,0,62,0.6,0.5,98.9,91.99,0,0,71,0.6,3.8,88.9,91.99,0,0,65,0.6,0.5,0.0,0,0
1783046853.295,54.261,122.9,91.99,0,0,74,0.6,0.5,95.1,91.99,0,0,62,0.6,0.5,95.7,91.99,0,0,71,8.0,0.4,96.8,91.99,0,0,65,0.6,0.4,0.0,0,0
1783046853.721,54.688,122.9,91.99,0,0,74,2.8,3.9,95.1,91.99,0,0,62,4.7,2.2,104.6,91.99,0,0,71,0.6,0.9,96.8,91.99,0,0,65,0.6,0.5,0.0,0,0
1783046854.150,55.117,101.2,91.99,0,0,74,0.6,0.5,95.1,91.99,0,0,62,0.7,0.5,104.6,91.99,0,0,71,0.7,0.5,77.7,91.99,0,0,65,2.3,0.4,0.0,0,0
1783046854.577,55.544,101.2,91.99,0,0,74,3.6,0.5,81.6,91.99,0,0,62,0.6,0.5,104.6,91.99,0,0,71,0.7,0.5,77.7,91.99,0,0,65,1.5,0.8,0.0,0,0
1783046855.008,55.975,112.2,91.99,0,0,74,0.6,0.5,82.1,91.99,1,0,62,0.6,0.5,85.7,91.99,0,0,71,1.5,0.5,88.8,91.99,0,0,65,0.7,0.5,0.0,0,0
1783046855.435,56.402,112.2,91.99,0,0,74,0.6,0.5,105.8,91.99,0,0,62,2.3,0.5,96.4,91.99,0,0,71,1.2,0.4,93.3,91.99,0,0,65,0.7,0.5,0.0,0,0
1783046855.862,56.829,115.9,91.99,0,0,74,0.6,0.5,99.2,91.99,0,0,62,0.6,0.4,100.5,91.99,0,0,71,0.6,2.3,96.6,91.99,0,0,65,2.7,0.5,0.0,0,0
1783046856.292,57.259,122.7,91.99,0,0,74,0.6,0.5,93.7,91.99,0,0,62,0.6,0.4,104.2,91.99,0,0,71,2.3,0.9,96.6,91.99,0,0,65,0.6,0.5,0.0,0,0
1783046856.719,57.685,122.7,91.99,0,0,74,4.9,2.4,93.7,91.99,0,0,62,4.7,0.7,104.2,91.99,0,0,71,2.7,0.5,77.5,91.99,0,0,65,1.3,4.9,0.0,0,0
1783046857.148,58.115,101.3,91.99,0,0,74,1.2,0.5,93.7,91.99,0,0,62,0.6,0.5,85.6,91.99,0,0,71,0.6,0.5,89.4,91.99,0,0,66,2.9,0.4,0.0,0,0
1783046857.575,58.542,112.7,91.99,0,0,74,2.5,0.5,85.0,91.99,0,0,62,0.6,0.4,85.6,91.99,0,0,71,0.7,0.6,89.4,91.99,0,0,66,0.6,1.0,0.0,0,0
1783046858.002,58.969,116.5,91.99,0,0,74,0.6,0.4,96.1,91.99,0,0,63,0.6,0.4,97.0,91.99,0,0,71,0.7,0.5,94.5,91.99,0,0,65,0.6,0.5,0.0,0,0
1783046858.429,59.395,116.5,91.99,0,0,74,0.6,13.5,100.5,91.99,0,0,63,2.3,0.4,101.9,91.99,0,0,71,0.6,0.5,97.5,91.99,0,0,65,1.6,0.5,0.0,0,0
1783046858.858,59.825,101.0,91.99,1,0,74,1.3,5.0,88.8,91.99,97,4,63,1.2,0.4,98.0,91.99,0,0,71,1.2,2.4,101.7,91.99,0,0,66,2.7,0.4,0.0,0,0
1783046859.297,60.264,126.1,91.99,0,0,74,0.6,0.5,110.7,91.99,0,0,63,0.6,0.4,112.9,91.99,0,0,72,2.3,0.4,99.8,91.99,0,0,65,1.3,0.5,0.0,0,0
1783046859.724,60.691,121.0,91.99,0,0,74,2.8,3.9,112.9,91.99,0,0,63,4.7,2.2,107.0,91.99,0,0,71,0.7,0.4,102.6,91.99,0,0,65,5.0,9.3,0.0,0,0
1783046860.152,61.118,117.5,91.99,99,30,78,0.6,0.5,112.9,91.99,0,0,63,3.1,0.5,109.8,91.99,1,0,71,4.6,8.6,102.0,91.99,0,0,65,2.3,0.5,0.0,0,0
1783046860.580,61.546,129.5,91.99,0,0,75,2.5,0.5,110.9,91.99,100,38,67,1.1,0.6,109.8,91.99,1,0,71,0.6,0.5,102.0,91.99,0,0,65,1.5,0.8,0.0,0,0
1783046861.009,61.976,127.4,91.99,0,0,75,0.6,0.5,111.3,91.99,0,0,63,0.6,0.5,110.6,91.99,0,0,72,0.6,0.4,100.1,91.99,0,0,65,0.6,0.5,0.0,0,0
1783046861.436,62.402,127.4,91.99,0,0,75,0.7,0.5,89.4,91.99,0,0,63,3.5,11.1,107.1,91.99,0,0,71,0.6,0.5,103.0,91.99,0,0,65,1.3,0.5,0.0,0,0
1783046861.863,62.830,129.4,91.99,74,28,79,1.8,0.5,113.7,91.99,4,1,64,0.6,0.5,98.8,91.99,99,28,75,0.6,2.3,104.8,91.99,0,0,65,2.7,0.5,0.0,0,0
1783046862.293,63.259,129.8,91.99,0,0,75,6.8,8.9,111.2,91.99,0,0,63,0.6,0.5,110.8,91.99,0,0,72,2.3,0.5,98.8,91.99,0,0,65,1.9,0.5,0.0,0,0
1783046862.721,63.688,132.3,91.99,50,20,78,5.0,3.9,116.5,91.99,0,0,64,4.7,2.3,120.1,91.99,89,29,76,1.5,0.5,104.8,91.99,0,0,66,0.7,4.8,0.0,0,0
1783046863.154,64.121,132.3,91.99,0,0,75,0.6,0.5,116.5,91.99,0,0,64,0.6,0.5,112.7,91.99,0,0,72,0.7,0.5,105.0,91.99,0,0,65,6.9,9.1,0.0,0,0
1783046863.582,64.549,142.8,91.99,58,23,80,2.9,0.4,113.7,91.99,0,0,63,0.8,0.6,112.7,91.99,0,0,72,5.2,9.1,105.0,91.99,0,0,65,1.5,2.5,0.0,0,0
1783046864.014,64.981,129.8,91.99,0,0,75,0.6,0.5,114.1,91.99,0,0,64,0.6,0.5,113.9,91.99,79,25,76,0.7,0.5,107.7,91.99,0,0,66,0.7,0.5,0.0,0,0
1783046864.439,65.406,129.8,91.99,0,0,75,305.7,616.1,116.7,91.99,0,0,63,6.2,9.0,116.1,91.99,0,0,72,0.7,0.4,105.0,91.99,0,0,66,155.1,309.4,0.0,0,0
1783046864.866,65.833,132.9,91.99,99,26,80,0.7,1.0,118.7,91.99,100,0,64,0.6,0.4,118.4,91.99,89,29,76,0.7,2.3,109.3,91.99,100,0,66,8.3,2.0,0.0,0,0
1783046865.292,66.259,134.1,91.99,0,0,75,2.3,0.5,119.3,91.99,0,0,64,0.6,0.5,113.7,91.99,0,0,72,2.3,0.5,110.2,91.99,0,0,66,0.7,1.0,0.0,0,0
1783046865.717,66.684,123.7,91.99,0,0,75,4.9,2.4,88.5,91.99,0,0,63,4.7,2.3,114.0,91.99,0,0,72,0.6,0.5,79.8,91.99,0,0,66,0.6,0.5,0.0,0,0
1783046866.143,67.110,105.2,91.99,0,0,75,0.6,0.5,88.5,91.99,0,0,63,2.3,0.5,114.0,91.99,0,0,72,0.6,0.5,79.8,91.99,0,0,66,0.6,0.5,0.0,0,0
1783046866.568,67.535,105.2,91.99,0,0,75,0.6,0.5,88.5,91.99,0,0,63,0.6,0.5,114.0,91.99,0,0,72,0.6,0.5,79.8,91.99,0,0,66,0.6,0.8,0.0,0,0
1783046866.995,67.961,102.0,91.99,0,0,75,7.2,0.6,86.0,91.99,0,0,63,0.6,0.4,86.6,91.99,0,0,72,2.3,0.5,78.1,91.99,0,0,66,0.6,0.5,0.0,0,0
1783046867.422,68.389,102.0,91.99,0,0,75,0.6,1.0,86.0,91.99,0,0,63,0.6,0.5,86.6,91.99,0,0,72,0.6,0.4,78.1,91.99,0,0,66,0.6,0.5,0.0,0,0
1783046867.847,68.814,102.0,91.99,0,0,75,0.6,0.5,82.4,91.99,0,0,63,8.1,0.4,84.5,91.99,0,0,72,0.6,0.7,77.7,91.99,0,0,65,6.3,0.5,0.0,0,0
1783046868.273,69.240,101.4,91.99,0,0,75,0.6,0.5,82.4,91.99,0,0,63,0.6,0.5,84.5,91.99,0,0,72,0.7,0.5,77.7,91.99,0,0,65,0.6,0.5,0.0,0,0
1783046868.699,69.665,101.4,91.99,0,0,75,0.6,3.9,82.4,91.99,0,0,63,8.8,2.4,84.7,91.99,0,0,72,6.5,2.2,77.2,91.99,0,0,66,0.6,0.5,0.0,0,0
1783046869.127,70.093,100.8,91.99,0,0,75,0.6,0.5,82.1,91.99,0,0,63,0.6,0.5,84.7,91.99,0,0,72,0.7,0.4,77.2,91.99,0,0,66,0.6,0.5,0.0,0,0
1783046869.552,70.519,100.8,91.99,0,0,75,0.6,0.5,82.1,91.99,0,0,63,0.6,0.5,84.7,91.99,0,0,72,0.8,0.5,77.2,91.99,0,0,66,2.3,0.8,0.0,0,0
1783046869.977,70.944,100.8,91.99,0,0,75,4.3,0.5,82.2,91.99,0,0,63,0.6,0.4,84.7,91.99,0,0,72,0.6,0.5,77.3,91.99,0,0,65,0.6,0.5,0.0,0,0
1783046870.403,71.370,100.8,91.99,0,0,75,0.6,0.5,82.2,91.99,0,0,63,0.6,0.9,84.7,91.99,0,0,72,2.3,0.5,77.3,91.99,0,0,65,0.6,0.5,0.0,0,0
1783046870.828,71.795,100.8,91.99,0,0,75,0.6,0.5,82.4,91.99,0,0,63,0.7,0.5,84.6,91.99,0,0,72,1.3,0.5,77.4,91.99,0,0,65,0.6,3.7,0.0,0,0
1783046871.254,72.221,101.0,91.99,0,0,75,0.6,0.5,82.4,91.99,0,0,63,0.6,0.5,84.6,91.99,0,0,72,0.7,0.5,77.4,91.99,0,0,65,2.3,0.5,0.0,0,0
1783046871.681,72.648,101.0,91.99,0,0,75,2.3,2.1,82.4,91.99,0,0,63,2.8,4.0,84.9,91.99,0,0,72,4.9,2.2,77.2,91.99,0,0,65,1.3,0.5,0.0,0,0
1783046872.110,73.076,101.0,91.99,0,0,75,0.6,0.5,82.4,91.99,0,0,63,0.6,0.5,84.9,91.99,0,0,72,1.5,0.4,77.2,91.99,0,0,65,0.6,0.5,0.0,0,0
1783046872.535,73.502,101.0,91.99,0,0,75,0.6,0.5,82.4,91.99,0,0,63,2.3,0.5,84.9,91.99,0,0,72,0.8,0.5,77.2,91.99,0,0,65,0.6,0.5,0.0,0,0
1783046872.961,73.928,100.8,91.99,0,0,75,0.7,2.1,82.5,91.99,0,0,63,0.6,0.5,84.6,91.99,0,0,72,0.7,0.5,77.3,91.99,0,0,65,7.3,0.5,0.0,0,0
1783046873.389,74.356,100.8,91.99,0,0,75,2.3,0.5,82.5,91.99,0,0,63,0.6,0.4,84.6,91.99,0,0,72,8.1,0.5,77.3,91.99,0,0,65,0.6,0.5,0.0,0,0
1783046873.814,74.781,100.8,91.99,0,0,75,1.3,0.5,82.5,91.99,0,0,63,0.6,4.9,84.3,91.99,0,0,72,5.6,0.9,77.4,91.99,0,0,65,0.6,0.6,0.0,0,0
1783046874.241,75.207,100.9,91.99,0,0,75,0.6,0.4,82.5,91.99,0,0,63,2.3,0.4,84.3,91.99,0,0,72,0.8,0.5,77.4,91.99,0,0,65,0.7,0.5,0.0,0,0
1783046874.666,75.633,100.9,91.99,0,0,75,0.6,0.5,82.5,91.99,0,0,63,0.6,4.0,84.4,91.99,0,0,72,5.5,2.3,77.3,91.99,0,0,65,2.7,0.5,0.0,0,0
1783046875.103,76.069,100.8,91.99,0,0,75,5.7,0.5,82.6,91.99,0,0,63,0.6,0.5,84.4,91.99,0,0,72,3.2,0.5,77.3,91.99,0,0,65,0.9,0.5,0.0,0,0
1783046875.529,76.496,100.8,91.99,0,0,75,0.6,0.5,82.6,91.99,0,0,63,0.6,0.5,84.4,91.99,0,0,72,0.6,0.5,77.3,91.99,0,0,65,0.6,0.5,0.0,0,0
1783046875.955,76.921,100.8,91.99,0,0,75,3.6,2.1,82.4,91.99,0,0,63,0.6,0.4,84.6,91.99,0,0,72,0.7,0.5,77.4,91.99,0,0,65,2.3,0.5,0.0,0,0
1783046876.380,77.347,100.9,91.99,0,0,75,2.3,0.5,82.4,91.99,0,0,63,0.6,0.5,84.6,91.99,0,0,72,0.6,1.0,77.4,91.99,0,0,65,0.6,0.5,0.0,0,0
1783046876.806,77.772,100.9,91.99,0,0,75,0.6,0.5,82.4,91.99,0,0,63,1.3,4.9,84.6,91.99,0,0,72,2.2,0.4,77.4,91.99,0,0,66,1.3,0.7,0.0,0,0
1783046877.234,78.201,100.9,91.99,0,0,75,0.6,0.5,82.4,91.99,0,0,63,2.3,0.4,84.6,91.99,0,0,72,0.9,0.5,77.4,91.99,0,0,66,0.7,0.5,0.0,0,0
1783046877.661,78.627,100.9,91.99,0,0,75,0.6,0.5,82.4,91.99,0,0,63,0.6,2.3,84.9,91.99,0,0,72,4.9,3.8,77.4,91.99,0,0,65,2.7,0.5,0.0,0,0
1783046878.100,79.067,100.9,91.99,0,0,75,0.6,0.4,82.4,91.99,0,0,63,0.6,0.4,84.9,91.99,0,0,72,3.2,0.5,77.4,91.99,0,0,65,0.9,0.5,0.0,0,0
1783046878.526,79.493,100.9,91.99,0,0,75,0.6,0.4,82.4,91.99,0,0,63,0.6,0.5,84.9,91.99,0,0,72,0.6,0.5,77.4,91.99,0,0,65,0.7,0.5,0.0,0,0
1783046878.951,79.918,100.9,91.99,0,0,75,3.6,2.7,82.4,91.99,0,0,63,2.3,0.5,85.1,91.99,0,0,72,0.7,0.5,77.4,91.99,0,0,66,2.3,0.5,0.0,0,0
1783046879.377,80.344,100.9,91.99,0,0,75,0.6,0.5,82.4,91.99,0,0,63,0.6,0.5,85.1,91.99,0,0,72,0.6,0.5,77.4,91.99,0,0,66,1.3,0.5,0.0,0,0
1783046879.803,80.770,100.9,91.99,0,0,75,0.6,0.5,82.6,91.99,0,0,63,0.6,4.6,84.8,91.99,0,0,72,2.3,0.4,77.4,91.99,0,0,66,0.6,0.7,0.0,0,0
1783046880.230,81.197,101.0,91.99,0,0,75,0.6,0.4,82.6,91.99,0,0,63,0.6,0.5,84.8,91.99,0,0,72,0.8,0.4,77.4,91.99,0,0,66,0.7,0.5,0.0,0,0
1783046880.656,81.623,101.0,91.99,0,0,75,0.6,0.5,82.6,91.99,0,0,63,0.6,2.4,85.1,91.99,0,0,72,4.7,4.0,77.4,91.99,0,0,65,4.2,2.0,0.0,0,0
1783046881.083,82.050,101.0,91.99,0,0,75,2.3,0.5,82.7,91.99,0,0,63,0.6,0.5,85.1,91.99,0,0,72,0.7,5.1,77.4,91.99,0,0,65,1.5,0.6,0.0,0,0
1783046881.511,82.478,101.0,91.99,0,0,75,0.6,0.5,82.7,91.99,0,0,63,0.6,0.5,85.1,91.99,0,0,72,0.7,0.5,77.4,91.99,0,0,65,1.0,0.7,0.0,0,0
1783046881.938,82.905,101.0,91.99,0,0,75,3.3,0.9,82.6,91.99,0,0,63,5.8,0.7,84.2,91.99,0,0,72,6.9,0.7,56.1,91.99,0,0,65,0.8,0.8,0.0,0,0
1783046882.374,83.341,99.1,91.99,0,0,74,0.9,0.6,82.6,91.99,0,0,63,0.7,0.5,84.2,91.99,0,0,72,0.9,0.6,56.1,91.99,0,0,65,1.9,0.7,0.0,0,0
1783046882.806,83.773,99.1,91.99,0,0,74,3.4,0.8,45.8,91.99,0,0,62,0.8,0.7,31.3,91.99,0,0,71,3.6,0.5,21.9,91.99,0,0,64,0.8,5.2,0.0,0,0
1783046883.244,84.211,44.2,91.99,0,0,74,1.3,0.7,45.8,91.99,0,0,62,2.4,0.5,31.3,91.99,0,0,71,0.7,0.5,21.9,91.99,0,0,64,0.8,0.6,0.0,0,0
1783046883.677,84.644,44.2,91.99,0,0,74,0.7,0.6,45.8,91.99,0,0,62,3.0,4.1,28.0,91.99,0,0,70,5.3,2.5,19.1,91.99,0,0,64,2.7,0.5,0.0,0,0
1783046884.125,85.092,32.6,91.99,0,0,73,0.8,0.5,29.8,91.99,0,0,62,0.7,0.6,28.0,91.99,0,0,70,0.8,0.6,19.1,91.99,0,0,64,0.8,0.6,0.0,0,0
1783046884.559,85.525,32.6,91.99,0,0,73,0.8,0.6,29.8,91.99,0,0,62,2.4,0.6,28.0,91.99,0,0,70,0.7,0.6,19.1,91.99,0,0,64,2.4,0.8,0.0,0,0
1783046884.995,85.962,30.6,91.99,0,0,73,4.5,1.1,24.9,91.99,0,0,62,0.7,0.6,24.5,91.99,0,0,70,2.4,0.5,15.2,91.99,0,0,64,0.8,0.6,0.0,0,0
1783046885.431,86.398,30.6,91.99,0,0,73,0.8,0.6,24.9,91.99,0,0,62,0.7,0.6,24.5,91.99,0,0,70,0.7,1.1,15.2,91.99,0,0,64,0.8,0.6,0.0,0,0
1783046885.865,86.831,30.6,91.99,0,0,73,0.7,0.6,24.9,91.99,0,0,61,1.4,0.5,20.8,91.99,0,0,70,0.8,2.3,15.4,91.99,0,0,64,4.4,1.1,0.0,0,0
1783046886.302,87.269,30.5,91.99,0,0,73,2.4,0.5,24.9,91.99,0,0,61,0.7,0.5,20.8,91.99,0,0,70,2.4,0.5,15.4,91.99,0,0,64,0.8,0.6,0.0,0,0
1783046886.736,87.703,30.5,91.99,0,0,73,3.0,4.2,24.8,91.99,0,0,61,5.8,0.8,20.2,91.99,0,1,70,2.9,0.6,15.4,91.99,0,0,64,0.8,0.6,0.0,0,0
1783046887.173,88.140,30.1,91.99,0,0,73,0.8,0.5,24.8,91.99,0,0,61,0.7,0.6,20.2,91.99,0,1,70,0.8,5.1,15.4,91.99,0,0,64,2.4,0.6,0.0,0,0
1783046887.609,88.575,30.1,91.99,0,0,73,2.4,0.5,24.8,91.99,0,0,61,0.7,0.5,20.2,91.99,0,1,70,3.3,0.9,15.4,91.99,0,0,63,3.0,2.5,0.0,0,0
1783046888.042,89.009,30.0,91.99,0,0,72,5.8,0.6,24.4,91.99,0,0,61,0.7,5.2,20.3,91.99,0,0,69,0.7,0.5,15.4,91.99,0,0,63,0.8,0.6,0.0,0,0
1783046888.481,89.448,30.0,91.99,0,0,72,0.8,0.6,24.4,91.99,0,0,61,0.8,2.5,20.3,91.99,0,0,69,5.8,0.6,15.4,91.99,0,0,63,0.8,0.5,0.0,0,0
1783046888.915,89.881,30.0,91.99,0,0,72,3.0,2.2,24.3,91.99,0,0,61,3.0,2.3,20.3,91.99,0,0,69,2.4,0.5,15.2,91.99,0,0,63,0.7,5.6,0.0,0,0
1783046889.351,90.318,29.8,91.99,0,0,72,0.8,0.5,24.3,91.99,0,0,61,2.3,0.5,20.3,91.99,0,0,69,0.7,0.6,15.2,91.99,0,0,63,0.8,0.6,0.0,0,0
1783046889.785,90.752,29.8,91.99,0,0,72,0.8,2.5,24.2,91.99,0,0,61,0.9,0.5,21.0,91.99,0,0,69,0.8,0.6,15.1,91.99,0,0,63,1.2,4.6,0.0,0,0
1783046890.222,91.189,29.6,91.99,0,0,72,2.3,0.6,24.2,91.99,0,0,61,0.7,0.5,21.0,91.99,0,0,69,2.6,0.5,15.1,91.99,0,0,63,0.8,0.5,0.0,0,0
1783046890.662,91.629,29.6,91.99,0,0,72,0.8,0.6,24.2,91.99,0,0,61,2.3,2.6,20.5,91.99,0,0,69,4.2,3.0,15.2,91.99,0,0,63,6.8,2.2,0.0,0,0
1783046891.110,92.076,29.6,91.99,0,0,72,2.4,0.6,24.4,91.99,0,0,61,0.7,0.6,20.5,91.99,0,0,69,3.3,0.6,15.2,91.99,0,0,63,0.8,0.6,0.0,0,0
1783046891.546,92.513,29.6,91.99,0,0,72,0.8,1.1,24.4,91.99,0,0,61,0.7,0.6,20.5,91.99,0,0,69,0.9,0.6,15.2,91.99,0,0,63,0.8,0.5,0.0,0,0
1783046891.980,92.947,29.7,91.99,0,0,72,3.0,0.5,24.4,91.99,0,0,61,0.7,0.5,20.3,91.99,0,0,69,0.8,1.1,15.2,91.99,0,0,63,2.4,0.6,0.0,0,0
1783046892.414,93.380,29.7,91.99,0,0,72,2.4,0.6,24.4,91.99,0,0,61,0.7,0.5,20.3,91.99,0,0,69,2.4,0.5,15.2,91.99,0,0,63,0.8,0.6,0.0,0,0
1783046892.848,93.814,29.7,91.99,0,0,72,0.8,0.6,24.5,91.99,0,0,60,0.8,0.6,20.1,91.99,0,0,69,0.8,0.7,15.0,91.99,0,0,63,3.6,2.3,0.0,0,0
1783046893.282,94.249,29.1,91.99,0,0,72,0.8,0.5,24.5,91.99,0,0,60,0.8,0.5,20.1,91.99,0,0,69,5.8,0.6,15.0,91.99,0,0,63,2.4,0.6,0.0,0,0
1783046893.721,94.687,29.1,91.99,0,0,72,5.3,2.5,24.4,91.99,0,0,60,0.7,4.0,19.9,91.99,0,0,69,4.6,0.5,15.3,91.99,0,0,63,0.8,0.6,0.0,0,0
1783046894.161,95.128,29.1,91.99,0,0,72,0.7,0.5,24.4,91.99,0,0,60,5.5,0.7,19.9,91.99,0,0,69,0.8,0.6,15.3,91.99,0,0,63,0.7,2.0,0.0,0,0
1783046894.599,95.566,29.1,91.99,0,0,72,1.5,0.6,24.4,91.99,0,0,60,0.7,0.5,19.9,91.99,0,0,69,1.7,0.8,15.3,91.99,0,0,62,0.7,2.7,0.0,0,0
1783046895.034,96.001,29.2,91.99,0,0,71,2.3,0.5,24.6,91.99,0,0,60,0.6,0.5,19.7,91.99,0,0,68,2.4,1.2,15.3,91.99,0,0,62,5.9,0.6,0.0,0,0
1783046895.472,96.439,29.2,91.99,0,0,71,0.7,0.5,24.6,91.99,0,0,60,2.4,0.5,19.7,91.99,0,0,68,0.6,0.6,15.3,91.99,0,0,62,0.7,1.1,0.0,0,0
1783046895.905,96.872,29.2,91.99,0,0,71,0.8,0.6,25.3,91.99,0,0,60,2.0,1.2,19.3,91.99,0,0,68,3.0,1.1,15.1,91.99,0,0,62,0.8,0.6,0.0,0,0
1783046896.340,97.307,29.1,91.99,0,0,71,0.8,0.5,25.3,91.99,0,0,60,0.7,0.6,19.3,91.99,0,0,68,2.3,0.6,15.1,91.99,0,0,62,0.8,0.6,0.0,0,0
1783046896.774,97.741,29.1,91.99,0,0,71,3.0,0.7,25.3,91.99,0,0,60,4.5,0.6,19.2,91.99,0,0,68,0.8,0.6,15.1,91.99,0,0,62,2.3,0.6,0.0,0,0
1783046897.213,98.180,28.9,91.99,0,0,71,0.7,0.6,25.3,91.99,0,0,60,1.4,0.5,19.2,91.99,0,0,68,0.8,0.6,15.1,91.99,0,0,62,0.8,0.6,0.0,0,0
1783046897.649,98.616,28.9,91.99,0,0,71,0.7,0.5,25.3,91.99,0,0,60,0.8,2.2,19.7,91.99,0,0,68,3.0,4.2,15.0,91.99,0,0,62,3.0,2.3,0.0,0,0
1783046898.084,99.051,28.8,91.99,0,0,71,0.7,0.5,25.3,91.99,0,0,60,2.4,4.2,19.7,91.99,0,0,68,1.4,0.6,15.0,91.99,0,0,62,3.0,0.6,0.0,0,0
1783046898.517,99.484,28.8,91.99,0,0,71,0.7,0.6,25.3,91.99,0,0,60,0.7,0.5,19.7,91.99,0,0,68,0.7,3.3,15.0,91.99,0,0,62,5.9,0.6,0.0,0,0
1783046898.952,99.919,28.8,91.99,0,0,71,3.8,1.3,25.2,91.99,0,0,60,2.2,1.1,19.6,91.99,0,0,68,0.7,0.6,15.0,91.99,0,0,62,0.8,0.6,0.0,0,0
1783046899.389,100.356,28.9,91.99,0,0,71,0.7,0.5,25.2,91.99,0,0,60,2.4,0.6,19.6,91.99,0,0,68,0.7,5.0,15.0,91.99,0,0,62,2.4,0.6,0.0,0,0
1783046899.828,100.795,28.9,91.99,0,0,71,2.4,0.5,25.3,91.99,0,0,60,0.7,0.5,19.6,91.99,0,0,68,1.7,0.7,15.1,91.99,0,0,62,0.8,3.9,0.0,0,0
1783046900.264,101.231,28.8,91.99,0,0,71,0.8,0.6,25.3,91.99,0,0,60,0.7,5.1,19.6,91.99,0,0,68,0.8,0.6,15.1,91.99,0,0,62,0.7,0.4,0.0,0,0
1783046900.703,101.670,28.8,91.99,0,0,71,3.0,2.6,25.3,91.99,0,0,60,6.3,2.3,19.6,91.99,0,0,68,2.9,2.3,15.0,91.99,0,0,62,2.4,0.6,0.0,0,0
1783046901.145,102.112,28.2,91.99,0,0,71,2.4,1.1,25.1,91.99,0,0,60,0.7,0.5,19.6,91.99,0,0,68,2.4,0.5,15.0,91.99,0,0,62,0.8,5.0,0.0,0,0
1783046901.582,102.549,33.0,91.99,6,5,71,0.8,0.5,25.1,91.99,0,0,60,2.3,0.9,19.6,91.99,0,0,68,0.6,0.5,15.0,91.99,0,0,62,0.8,2.0,0.0,0,0
1783046902.012,102.979,61.4,91.99,0,0,72,0.7,0.5,31.9,91.99,0,0,60,1.3,0.5,21.5,91.99,14,11,68,0.7,0.5,15.0,91.99,0,0,62,2.3,0.5,0.0,0,0
1783046902.438,103.405,61.4,91.99,0,0,72,2.3,0.5,53.0,91.99,0,0,60,1.3,0.5,43.0,91.99,0,0,69,2.3,0.5,30.5,91.99,0,0,63,0.7,0.4,0.0,0,0
1783046902.865,103.832,69.9,91.99,0,0,72,0.6,0.4,57.7,91.99,0,0,61,0.6,0.5,51.4,91.99,0,0,69,0.6,2.2,41.9,91.99,0,0,63,2.7,0.5,0.0,0,0
1783046903.293,104.260,69.9,91.99,0,0,72,0.6,4.8,57.7,91.99,0,0,61,2.3,0.4,51.4,91.99,0,0,69,0.6,0.5,69.5,91.99,0,0,63,0.6,0.5,0.0,0,0
1783046903.722,104.688,97.5,91.99,0,0,72,2.6,3.9,81.2,91.99,0,0,61,4.7,2.2,82.5,91.99,0,0,69,0.7,0.5,69.5,91.99,0,0,63,0.7,0.5,0.0,0,0
1783046904.153,105.120,97.5,91.99,0,0,72,0.6,0.4,81.2,91.99,0,0,61,1.3,0.5,82.5,91.99,0,0,69,2.9,0.5,75.7,91.99,0,0,63,0.7,0.5,0.0,0,0
1783046904.579,105.546,97.6,91.99,0,0,72,0.9,0.5,81.2,91.99,0,0,61,0.6,0.5,82.5,91.99,0,0,69,1.3,0.5,75.7,91.99,0,0,63,0.6,0.9,0.0,0,0
1783046905.009,105.976,97.6,91.99,0,0,72,0.6,0.5,81.2,91.99,0,0,61,6.4,0.4,82.4,91.99,0,0,69,0.7,0.5,75.7,91.99,0,0,63,2.3,0.4,0.0,0,0
1783046905.435,106.402,97.6,91.99,0,0,72,2.3,0.5,81.2,91.99,0,0,61,0.6,0.5,82.4,91.99,0,0,69,0.6,0.5,75.3,91.99,0,0,63,0.7,0.5,0.0,0,0
1783046905.862,106.829,97.9,91.99,0,0,72,0.6,0.5,81.1,91.99,0,0,61,0.6,0.5,82.8,91.99,0,0,69,0.6,2.3,75.3,91.99,0,0,63,2.7,0.5,0.0,0,0
1783046906.295,107.262,97.9,91.99,0,0,72,0.6,0.5,81.1,91.99,0,0,61,2.3,0.5,82.8,91.99,0,0,69,0.7,0.6,75.5,91.99,0,0,63,5.6,0.5,0.0,0,0
1783046906.724,107.691,98.0,91.99,0,0,72,2.8,4.0,81.0,91.99,0,0,61,4.7,2.1,82.9,91.99,0,0,69,0.7,0.5,75.5,91.99,0,0,63,0.7,0.5,0.0,0,0
1783046907.152,108.119,98.0,91.99,0,0,72,0.6,0.5,81.0,91.99,0,0,61,1.3,0.5,82.9,91.99,0,0,69,2.3,0.5,75.4,91.99,0,0,63,0.6,0.5,0.0,0,0
1783046907.578,108.545,97.9,91.99,0,0,72,0.8,0.5,81.0,91.99,0,0,61,5.6,0.5,82.9,91.99,0,0,69,0.6,0.9,75.4,91.99,0,0,63,0.6,0.9,0.0,0,0
1783046908.008,108.974,97.9,91.99,0,0,72,0.6,0.5,81.0,91.99,0,0,61,0.6,0.9,82.7,91.99,0,0,69,0.7,0.4,75.4,91.99,0,0,63,2.3,0.5,0.0,0,0
1783046908.434,109.401,97.9,91.99,0,0,72,7.2,0.6,81.0,91.99,0,0,61,0.6,0.5,82.7,91.99,0,0,69,0.7,0.5,75.5,91.99,0,0,63,0.7,0.5,0.0,0,0
1783046908.860,109.827,98.1,91.99,0,0,72,0.6,0.4,81.1,91.99,0,0,61,0.6,0.5,82.6,91.99,0,0,69,0.6,2.3,75.5,91.99,0,0,63,2.7,0.5,0.0,0,0
1783046909.293,110.260,98.1,91.99,0,0,72,0.6,0.4,81.1,91.99,0,0,61,2.3,0.5,82.6,91.99,0,0,69,0.7,0.6,75.7,91.99,0,0,63,5.6,0.5,0.0,0,0
1783046909.722,110.689,98.2,91.99,0,0,72,2.8,4.0,81.2,91.99,0,0,61,4.8,2.2,82.5,91.99,0,0,70,0.6,0.5,75.7,91.99,0,0,63,0.7,0.5,0.0,0,0
1783046910.153,111.119,98.2,91.99,0,0,72,0.6,0.5,81.2,91.99,0,0,61,0.6,0.9,82.5,91.99,0,0,70,2.3,0.5,75.8,91.99,0,0,63,0.6,0.4,0.0,0,0
1783046910.579,111.546,98.2,91.99,0,0,73,0.8,0.4,81.2,91.99,0,0,61,0.6,0.5,82.5,91.99,0,0,70,0.6,0.9,75.8,91.99,0,0,63,0.6,0.9,0.0,0,0
1783046911.009,111.976,98.2,91.99,0,0,73,0.6,0.5,81.2,91.99,0,0,61,0.6,0.5,82.3,91.99,0,0,70,1.3,0.5,75.8,91.99,0,0,63,2.3,0.5,0.0,0,0
1783046911.435,112.402,98.2,91.99,0,0,73,2.3,0.5,81.2,91.99,0,0,61,0.6,0.5,82.3,91.99,0,0,70,0.7,0.5,76.0,91.99,0,0,63,0.7,0.5,0.0,0,0
1783046911.863,112.830,98.2,91.99,0,0,73,0.6,0.5,81.4,91.99,0,0,61,0.6,0.6,82.3,91.99,0,0,70,0.6,2.2,76.0,91.99,0,0,63,2.7,0.5,0.0,0,0
1783046912.293,113.260,98.2,91.99,0,0,73,0.6,0.5,81.4,91.99,0,0,61,2.3,0.4,82.3,91.99,0,0,70,0.7,0.5,75.9,91.99,0,0,63,0.7,0.5,0.0,0,0
1783046912.719,113.686,98.1,91.99,0,0,73,4.9,2.6,81.4,91.99,0,0,61,5.4,0.6,82.3,91.99,0,0,70,2.7,0.5,75.9,91.99,0,0,63,2.3,0.5,0.0,0,0
1783046913.145,114.112,98.1,91.99,0,0,73,2.3,0.5,81.5,91.99,0,0,61,0.6,0.5,82.3,91.99,0,0,70,8.1,0.5,75.7,91.99,0,0,63,0.6,0.5,0.0,0,0
1783046913.571,114.538,98.3,91.99,0,0,73,0.6,0.5,81.5,91.99,0,0,61,0.6,0.5,82.3,91.99,0,0,70,0.7,0.5,75.7,91.99,0,0,63,5.6,5.0,0.0,0,0
1783046913.999,114.966,98.3,91.99,0,0,73,0.6,0.5,81.4,91.99,0,0,61,2.3,0.5,82.4,91.99,0,0,70,1.3,0.5,75.7,91.99,0,0,63,0.6,0.5,0.0,0,0
1783046914.425,115.392,98.3,91.99,0,0,73,0.6,0.5,81.4,91.99,0,0,61,0.6,0.7,82.4,91.99,0,0,70,0.7,4.9,75.8,91.99,0,0,64,0.6,0.5,0.0,0,0
1783046914.852,115.819,98.6,91.99,0,0,73,2.3,0.4,81.3,91.99,0,0,61,0.6,0.5,82.6,91.99,0,0,70,2.3,2.2,75.8,91.99,0,0,64,4.8,0.5,0.0,0,0
1783046915.278,116.244,98.6,91.99,0,0,73,0.6,0.5,81.3,91.99,0,0,61,0.6,0.5,82.6,91.99,0,0,70,0.7,0.4,75.8,91.99,0,0,64,0.6,0.5,0.0,0,0
1783046915.703,116.670,98.5,91.99,0,0,73,5.6,4.5,81.3,91.99,0,0,61,5.7,5.3,82.4,91.99,0,0,70,2.7,0.5,75.8,91.99,0,0,64,2.3,0.5,0.0,0,0
1783046916.137,117.104,98.5,91.99,0,0,73,2.3,0.4,81.4,91.99,0,0,61,0.6,0.4,82.4,91.99,0,0,70,0.7,1.0,76.0,91.99,0,0,64,0.7,0.5,0.0,0,0
1783046916.562,117.529,98.5,91.99,0,0,73,0.7,0.5,81.4,91.99,0,0,61,0.7,0.5,82.4,91.99,0,0,70,0.7,0.4,76.0,91.99,0,0,64,0.6,0.7,0.0,0,0
1783046916.994,117.961,98.5,91.99,0,0,73,0.6,0.5,81.4,91.99,0,0,61,2.3,0.5,82.6,91.99,0,0,70,0.6,1.0,76.0,91.99,0,0,64,0.6,0.5,0.0,0,0
1783046917.420,118.387,98.5,91.99,0,0,73,0.6,0.5,81.4,91.99,0,0,61,0.6,0.5,82.6,91.99,0,0,70,5.7,0.6,76.0,91.99,0,0,64,2.3,0.5,0.0,0,0
1783046917.847,118.814,98.5,91.99,0,0,73,2.3,0.5,81.3,91.99,0,0,61,0.6,0.5,82.5,91.99,0,0,70,2.3,0.7,76.0,91.99,0,0,64,2.7,2.0,0.0,0,0
1783046918.274,119.241,98.5,91.99,0,0,73,0.6,0.5,81.3,91.99,0,0,61,0.6,0.5,82.5,91.99,0,0,70,0.6,0.4,76.0,91.99,0,0,64,0.6,0.4,0.0,0,0
1783046918.701,119.667,98.7,91.99,0,0,73,3.0,3.9,81.3,91.99,0,0,61,10.4,2.3,82.5,91.99,0,0,70,6.0,2.9,76.0,91.99,0,0,64,2.3,0.5,0.0,0,0
1783046919.141,120.108,98.7,91.99,0,0,73,2.6,0.7,81.4,91.99,0,0,61,0.9,0.6,82.5,91.99,0,0,70,2.6,1.4,75.8,91.99,0,0,64,0.8,0.9,0.0,0,0
1783046919.574,120.541,57.1,91.99,0,0,72,0.9,0.8,81.4,91.99,0,0,61,0.7,0.6,82.5,91.99,0,0,70,1.0,0.6,75.8,91.99,0,0,64,0.9,1.2,0.0,0,0
1783046920.006,120.973,57.1,91.99,0,0,72,0.9,0.7,50.5,91.99,0,0,60,2.4,0.7,34.2,91.99,0,0,69,1.2,3.8,75.8,91.99,0,0,64,8.7,0.6,0.0,0,0
1783046920.439,121.406,57.1,91.99,0,0,72,2.7,0.6,50.5,91.99,0,0,60,0.7,0.6,34.2,91.99,0,0,69,0.8,0.6,47.9,91.99,0,0,63,1.4,0.7,0.0,0,0
1783046920.874,121.840,44.9,91.99,0,0,71,0.7,0.6,40.7,91.99,0,0,60,0.7,0.7,30.7,91.99,0,0,68,2.9,2.4,47.9,91.99,0,0,63,0.8,0.6,0.0,0,0
1783046921.307,122.274,44.9,91.99,0,0,71,0.8,0.6,40.7,91.99,0,0,60,2.4,0.5,30.7,91.99,0,0,68,0.7,0.5,21.7,91.99,0,0,62,2.4,0.6,0.0,0,0
1783046921.740,122.707,28.9,91.99,0,0,71,4.5,2.6,25.1,91.99,0,0,60,5.2,2.8,23.2,91.99,0,0,68,2.4,0.6,21.7,91.99,0,0,62,0.8,0.6,0.0,0,0
1783046922.185,123.151,28.9,91.99,0,0,71,0.8,0.6,25.1,91.99,0,0,60,0.7,0.6,23.2,91.99,0,0,68,1.5,0.6,18.6,91.99,0,0,62,0.8,0.6,0.0,0,0
1783046922.618,123.585,28.8,91.99,0,0,71,5.9,0.7,25.1,91.99,0,0,60,0.7,0.6,18.7,91.99,0,0,68,0.7,2.7,18.6,91.99,0,0,62,4.8,4.0,0.0,0,0
1783046923.061,124.028,28.8,91.99,0,0,71,2.4,0.5,25.4,91.99,0,0,60,0.7,0.5,18.7,91.99,0,0,68,3.2,0.6,18.6,91.99,0,0,62,0.7,1.0,0.0,0,0
1783046923.496,124.463,29.2,91.99,0,0,71,0.8,0.5,25.4,91.99,0,0,60,2.4,0.5,18.7,91.99,0,0,68,0.8,5.2,15.4,91.99,0,0,62,0.8,0.6,0.0,0,0
1783046923.937,124.904,29.2,91.99,0,0,71,2.9,0.8,25.5,91.99,0,0,60,3.0,0.6,19.6,91.99,0,0,68,0.8,0.6,15.4,91.99,0,0,62,0.8,0.6,0.0,0,0
1783046924.371,125.338,29.2,91.99,0,0,71,0.8,0.5,25.5,91.99,0,0,60,0.7,0.6,19.6,91.99,0,0,68,0.7,0.6,14.8,91.99,0,0,62,0.8,0.6,0.0,0,0
1783046924.804,125.771,28.2,91.99,0,0,71,2.9,0.6,25.5,91.99,0,0,59,3.1,0.5,19.0,91.99,0,0,68,0.8,0.5,14.8,91.99,0,0,62,0.8,0.7,0.0,0,0
1783046925.239,126.205,28.2,91.99,0,0,71,0.8,0.6,25.5,91.99,0,0,59,1.4,0.5,19.0,91.99,0,0,68,1.0,0.6,14.8,91.99,0,0,62,0.8,0.6,0.0,0,0
1783046925.672,126.639,28.2,91.99,0,0,70,0.8,0.6,25.5,91.99,0,0,59,3.0,2.4,18.3,91.99,0,0,68,5.8,2.4,14.8,91.99,0,0,62,2.9,2.0,0.0,0,0
1783046926.108,127.075,28.2,91.99,0,0,70,0.8,0.6,25.2,91.99,0,0,59,2.4,1.1,18.3,91.99,0,0,68,1.7,0.5,14.9,91.99,0,0,62,1.0,0.6,0.0,0,0
1783046926.542,127.509,28.6,91.99,0,0,70,0.8,0.6,25.2,91.99,0,0,59,0.8,0.5,18.3,91.99,0,0,68,0.9,0.6,14.9,91.99,0,0,62,0.7,0.8,0.0,0,0
1783046926.979,127.946,28.6,91.99,0,0,70,3.0,0.6,25.2,91.99,0,0,59,0.7,0.6,18.2,91.99,0,0,67,0.8,0.6,14.9,91.99,0,0,62,0.8,0.6,0.0,0,0
1783046927.415,128.382,28.6,91.99,0,0,70,0.7,0.6,25.2,91.99,0,0,59,2.4,0.6,18.2,91.99,0,0,67,0.8,0.6,14.9,91.99,0,0,62,0.8,0.5,0.0,0,0
1783046927.849,128.816,28.3,91.99,0,0,70,1.4,0.6,25.2,91.99,0,0,59,0.8,0.5,17.8,91.99,0,0,67,0.8,5.2,14.9,91.99,0,0,61,3.0,2.1,0.0,0,0
1783046928.289,129.256,28.3,91.99,0,0,70,0.7,4.6,25.2,91.99,0,0,59,0.7,0.6,17.8,91.99,0,0,67,0.8,0.5,15.1,91.99,0,0,61,0.8,0.6,0.0,0,0
1783046928.723,129.690,27.8,91.99,0,0,70,5.9,3.4,25.0,91.99,0,0,59,2.7,4.6,18.1,91.99,0,0,67,2.8,2.2,15.1,91.99,0,0,61,3.4,2.7,0.0,0,0
1783046929.172,130.139,27.8,91.99,0,0,70,3.0,0.5,25.0,91.99,0,0,59,0.7,0.5,18.1,91.99,0,0,67,2.5,0.6,15.0,91.99,0,0,61,0.8,1.2,0.0,0,0
1783046929.610,130.577,27.7,91.99,0,0,70,0.8,0.6,25.0,91.99,0,0,59,2.4,0.5,18.1,91.99,0,0,67,1.6,5.4,15.0,91.99,0,0,61,0.7,4.4,0.0,0,0
1783046930.051,131.018,27.7,91.99,0,0,70,0.8,0.6,24.8,91.99,0,0,59,0.7,0.5,18.0,91.99,0,0,67,0.7,0.6,15.0,91.99,0,0,61,0.7,4.4,0.0,0,0
1783046930.485,131.452,27.9,91.99,0,0,70,0.8,0.5,24.8,91.99,0,0,59,1.2,0.5,18.0,91.99,0,0,67,0.7,0.6,14.8,91.99,0,0,61,0.8,0.6,0.0,0,0
1783046930.918,131.885,27.9,91.99,0,0,70,0.8,2.3,24.8,91.99,0,0,59,4.6,2.3,18.1,91.99,0,0,67,0.8,0.6,14.8,91.99,0,0,61,0.7,0.6,0.0,0,0
1783046931.352,132.319,27.9,91.99,0,0,70,0.8,0.6,24.8,91.99,0,0,59,0.8,0.5,18.1,91.99,0,0,67,3.4,0.6,15.0,91.99,0,0,61,0.8,0.6,0.0,0,0
1783046931.789,132.756,27.8,91.99,0,0,70,2.3,1.8,25.3,91.99,0,0,59,3.1,0.5,18.1,91.99,0,0,67,0.7,1.0,15.0,91.99,0,0,61,0.7,0.8,0.0,0,0
1783046932.231,133.197,27.8,91.99,0,0,70,0.8,0.6,25.3,91.99,0,0,59,2.4,0.5,18.1,91.99,0,0,67,0.9,1.2,14.8,91.99,0,0,61,0.8,0.6,0.0,0,0
1783046932.664,133.631,27.4,91.99,0,0,69,0.8,0.6,25.3,91.99,0,0,59,0.8,2.6,16.8,91.99,0,0,67,4.1,4.1,14.8,91.99,0,0,61,5.1,2.4,0.0,0,0
1783046933.125,134.091,27.4,91.99,0,0,69,0.8,0.6,25.0,91.99,0,0,59,2.4,0.6,16.8,91.99,0,0,67,2.3,0.6,14.8,91.99,0,0,61,0.8,0.6,0.0,0,0
1783046933.558,134.525,27.3,91.99,0,0,69,0.8,0.6,25.0,91.99,0,0,59,0.8,0.5,16.8,91.99,0,0,67,0.7,0.6,14.8,91.99,0,0,61,0.8,0.8,0.0,0,0
1783046933.997,134.964,27.3,91.99,0,0,69,0.8,0.6,25.1,91.99,0,0,58,5.7,0.7,17.1,91.99,0,0,67,0.8,0.6,14.8,91.99,0,0,61,0.8,0.6,0.0,0,0
1783046934.434,135.401,27.3,91.99,0,0,69,0.8,0.6,25.1,91.99,0,0,58,2.4,0.6,17.1,91.99,0,0,67,0.8,0.5,14.7,91.99,0,0,61,0.8,0.6,0.0,0,0
1783046934.867,135.834,27.4,91.99,0,0,69,5.9,0.8,25.0,91.99,0,0,58,1.5,0.7,17.1,91.99,0,0,66,2.8,2.5,14.7,91.99,0,0,61,0.8,0.6,0.0,0,0
1783046935.305,136.272,27.4,91.99,0,0,69,0.8,0.6,25.0,91.99,0,0,58,0.8,1.1,17.1,91.99,0,0,66,0.8,0.6,14.8,91.99,0,0,61,0.8,0.6,0.0,0,0
1783046935.738,136.705,27.6,91.99,0,0,69,3.0,3.2,25.1,91.99,0,0,58,5.5,2.3,17.1,91.99,0,0,66,0.7,5.1,14.8,91.99,0,0,61,7.5,0.6,0.0,0,0
1783046936.185,137.152,27.6,91.99,0,0,69,2.4,0.6,25.1,91.99,0,0,58,0.7,1.1,17.1,91.99,0,0,66,2.4,0.6,14.8,91.99,0,0,61,0.8,0.6,0.0,0,0
1783046936.618,137.585,27.5,91.99,0,0,69,0.7,0.6,25.1,91.99,0,0,58,0.7,0.6,17.1,91.99,0,0,66,1.6,2.6,14.8,91.99,0,0,60,3.2,3.5,0.0,0,0
1783046937.057,138.024,27.5,91.99,0,0,69,0.8,0.5,24.7,91.99,0,0,58,0.7,0.5,16.9,91.99,0,0,66,0.7,0.4,14.8,91.99,0,0,60,2.4,0.5,0.0,0,0
1783046937.491,138.458,27.2,91.99,0,0,69,2.4,0.6,24.7,91.99,0,0,58,0.7,0.5,16.9,91.99,0,0,66,2.4,0.5,14.8,91.99,0,0,60,0.8,0.6,0.0,0,0
1783046937.926,138.893,27.2,91.99,0,0,69,422.9,334.7,25.2,91.99,0,0,58,0.8,1.8,16.9,91.99,0,0,66,162.2,323.2,14.8,91.99,0,0,60,0.8,0.6,0.0,0,0
1783046938.360,139.327,27.6,91.99,100,0,69,157.3,318.5,25.2,91.99,0,0,58,154.4,307.9,31.0,91.99,100,0,68,160.5,320.9,15.1,91.99,0,0,60,2.4,0.6,0.0,0,0
1783046938.788,139.755,64.7,91.99,100,0,71,8846.6,6556.5,57.9,91.99,97,53,61,8850.5,8565.3,83.5,91.99,96,43,70,8083.9,6011.5,22.2,91.99,96,46,64,10374.7,4651.7,0.0,0,0
1783046939.223,140.189,111.6,91.99,96,42,74,8084.9,6424.3,57.9,91.99,97,53,61,7769.6,8565.3,175.0,91.99,97,47,71,8244.8,5919.7,105.6,91.99,97,43,65,1894.8,21.7,0.0,0,0
1783046939.652,140.619,228.4,91.99,6,3,72,0.6,0.4,115.2,91.99,96,51,63,2.3,2.3,197.2,91.99,0,0,69,2.9,4.0,194.6,91.99,0,0,62,4.7,2.0,0.0,0,0
1783046940.083,141.050,171.0,91.99,0,0,71,0.6,0.5,199.8,91.99,0,0,60,0.6,0.5,197.2,91.99,0,0,69,7.2,0.5,194.6,91.99,0,0,62,0.6,0.5,0.0,0,0
1783046940.513,141.480,102.4,91.99,0,0,71,0.6,0.5,110.3,91.99,0,0,60,0.6,0.5,124.9,91.99,0,0,68,0.6,0.5,108.7,91.99,0,0,62,0.6,0.5,0.0,0,0
1783046940.939,141.906,102.4,91.99,0,0,71,2.6,0.8,93.1,91.99,0,0,60,4.2,1.0,109.5,91.99,0,0,68,5.6,0.4,76.7,91.99,0,0,62,0.6,0.5,0.0,0,0
1783046941.369,142.336,102.4,91.99,0,0,71,0.6,1.0,93.1,91.99,0,0,60,0.6,0.4,109.5,91.99,0,0,68,0.6,0.5,76.7,91.99,0,0,62,2.3,0.5,0.0,0,0
1783046941.796,142.762,99.2,91.99,0,0,71,2.3,0.5,83.7,91.99,0,0,60,0.8,0.5,83.3,91.99,0,0,68,2.3,0.5,75.4,91.99,0,0,62,0.6,0.6,0.0,0,0
1783046942.223,143.190,99.2,91.99,0,0,71,0.6,0.4,83.7,91.99,0,0,60,2.1,0.5,83.3,91.99,0,0,68,0.6,0.5,75.4,91.99,0,0,62,0.7,0.5,0.0,0,0
1783046942.649,143.616,97.6,91.99,0,0,71,0.6,0.5,83.7,91.99,0,0,60,2.3,0.6,81.2,91.99,0,0,68,2.8,4.4,74.3,91.99,0,0,62,4.0,2.0,0.0,0,0
1783046943.082,144.049,97.6,91.99,0,0,71,0.6,0.5,82.2,91.99,0,0,60,0.6,0.5,81.2,91.99,0,0,68,0.6,0.5,74.3,91.99,0,0,62,2.3,0.5,0.0,0,0
1783046943.508,144.475,95.6,91.99,0,0,71,0.6,0.5,82.2,91.99,0,0,60,0.6,0.4,81.2,91.99,0,0,68,0.6,0.5,74.3,91.99,0,0,62,0.6,0.4,0.0,0,0
1783046943.935,144.902,95.6,91.99,0,0,71,1.9,0.7,80.7,91.99,0,0,60,8.7,0.6,81.2,91.99,0,0,68,6.5,0.5,74.3,91.99,0,0,62,0.6,0.5,0.0,0,0
1783046944.365,145.331,95.6,91.99,0,0,71,0.6,0.5,80.7,91.99,0,0,60,1.3,0.5,81.2,91.99,0,0,68,0.6,0.5,74.3,91.99,0,0,62,2.3,0.4,0.0,0,0
1783046944.791,145.758,95.5,91.99,0,0,71,4.3,0.4,80.8,91.99,0,0,60,0.8,0.4,81.2,91.99,0,0,68,2.3,0.5,74.2,91.99,0,0,62,0.6,0.6,0.0,0,0
1783046945.217,146.184,95.5,91.99,0,0,71,0.6,0.4,80.8,91.99,0,0,60,1.5,4.6,81.2,91.99,0,0,68,0.6,0.5,74.2,91.99,0,0,62,0.6,0.5,0.0,0,0
1783046945.643,146.610,95.5,91.99,0,0,71,0.6,0.5,80.8,91.99,0,0,60,2.3,0.6,81.2,91.99,0,0,69,2.9,3.9,74.3,91.99,0,0,62,4.6,2.1,0.0,0,0
1783046946.077,147.044,95.5,91.99,0,0,71,0.6,0.5,80.8,91.99,0,0,60,0.6,0.4,81.2,91.99,0,0,69,0.7,0.5,74.3,91.99,0,0,62,2.3,0.5,0.0,0,0
1783046946.506,147.473,95.4,91.99,0,0,71,0.6,0.5,80.8,91.99,0,0,60,0.6,0.5,81.2,91.99,0,0,69,2.3,0.5,74.3,91.99,0,0,62,0.6,0.5,0.0,0,0
1783046946.932,147.899,95.4,91.99,0,0,71,1325.3,7191.5,80.8,91.99,0,0,60,2.7,0.5,81.4,91.99,0,0,69,1332.6,7235.4,74.4,91.99,0,0,62,0.6,0.5,0.0,0,0
1783046947.361,148.328,95.8,91.99,100,0,71,590.9,563.7,80.8,91.99,0,0,60,597.0,618.9,82.6,91.99,100,0,69,547.7,569.6,74.7,91.99,100,0,63,532.1,481.6,0.0,0,0
1783046947.795,148.762,124.2,91.99,99,40,73,593.1,580.1,119.5,91.99,99,41,62,560.2,622.4,119.8,91.99,99,34,71,549.8,573.0,111.3,91.99,99,30,65,569.6,446.9,0.0,1,0
1783046948.228,149.195,183.1,91.99,99,40,74,550.1,600.1,138.7,91.99,99,41,63,638.4,598.6,178.6,91.99,99,34,71,587.6,575.7,169.8,91.99,99,30,65,530.2,481.9,0.0,1,0
1783046948.667,149.634,212.8,91.99,99,40,74,587.2,552.4,138.7,91.99,99,41,63,678.4,619.8,190.1,91.99,99,34,72,680.7,525.8,178.5,91.99,99,30,65,571.9,479.8,0.0,1,0
1783046949.113,150.080,213.7,91.99,99,39,75,614.8,585.5,192.4,91.99,99,41,63,560.4,619.3,190.1,91.99,99,34,72,550.9,573.3,178.5,91.99,99,30,65,573.7,448.4,0.0,1,0
1783046949.559,150.526,214.1,91.99,99,40,75,586.8,548.3,192.9,91.99,99,41,63,561.9,618.6,190.6,91.99,99,34,72,551.4,575.2,179.0,91.99,99,30,65,532.2,459.9,0.0,1,0
1783046949.992,150.959,214.4,91.99,99,40,75,557.2,574.2,193.5,91.99,99,41,63,555.7,620.0,191.2,91.99,99,34,72,592.7,530.4,179.2,91.99,99,30,66,567.3,446.0,0.0,1,0
1783046950.428,151.395,214.4,91.99,99,40,75,549.8,585.3,193.9,91.99,99,41,64,597.8,593.9,191.4,91.99,99,34,72,585.4,537.1,179.3,91.99,99,30,66,568.4,483.0,0.0,1,0
1783046950.862,151.829,214.7,91.99,99,40,75,587.7,561.9,194.2,91.99,99,41,64,592.9,582.0,191.8,91.99,99,34,72,617.9,631.4,179.7,91.99,99,30,66,574.3,446.6,0.0,1,0
1783046951.301,152.268,215.3,91.99,99,40,76,550.6,568.1,194.5,91.99,99,41,64,556.4,629.3,192.4,91.99,99,34,73,590.9,541.1,180.0,91.99,99,30,66,569.7,445.7,0.0,1,0
1783046951.735,152.702,215.7,91.99,99,40,76,637.8,587.7,194.7,91.99,99,41,64,600.0,632.9,192.6,91.99,99,34,73,546.7,573.9,180.0,91.99,99,30,66,529.8,483.4,0.0,1,0
1783046952.174,153.141,216.2,91.99,99,40,76,584.6,581.8,194.7,91.99,99,41,64,557.5,634.7,192.7,91.99,99,34,73,544.0,572.6,180.2,91.99,99,30,67,568.5,458.8,0.0,1,0
1783046952.612,153.579,216.7,91.99,99,40,76,554.1,598.3,194.9,91.99,99,41,64,593.1,600.5,192.7,91.99,99,34,73,589.3,545.1,180.2,91.99,99,30,67,579.2,504.7,0.0,1,0
1783046953.047,154.014,217.1,91.99,99,40,76,588.3,556.3,195.1,91.99,99,41,65,595.2,598.6,193.0,91.99,99,34,73,547.9,575.7,180.6,91.99,99,30,67,540.1,491.3,0.0,1,0
1783046953.482,154.449,217.4,91.99,99,40,76,584.9,573.9,195.5,91.99,99,41,65,554.5,620.4,193.2,91.99,99,34,73,546.9,561.6,180.9,91.99,99,30,67,569.2,448.9,0.0,1,0
1783046953.916,154.882,217.4,91.99,99,40,76,598.9,579.4,195.7,91.99,99,41,65,560.9,603.8,193.4,91.99,99,34,74,584.1,531.3,181.0,91.99,99,30,67,569.9,445.3,0.0,1,0
1783046954.352,155.319,217.7,91.99,99,40,77,607.4,550.6,195.8,91.99,99,41,65,597.8,591.1,193.8,91.99,99,34,74,582.1,563.5,181.1,91.99,99,30,67,530.3,483.1,0.0,1,0
1783046954.787,155.754,218.1,91.99,99,40,77,603.2,542.4,196.0,91.99,99,41,65,562.4,615.0,194.0,91.99,99,34,74,547.6,566.9,181.4,91.99,99,31,67,529.7,492.5,0.0,1,0
1783046955.222,156.189,218.6,91.99,99,40,77,548.0,583.2,196.0,91.99,99,41,65,556.9,631.7,194.5,91.99,99,34,74,582.5,554.1,181.8,91.99,99,30,68,569.6,450.1,0.0,1,0
1783046955.658,156.625,218.8,91.99,99,40,77,549.5,588.8,196.1,91.99,99,41,65,596.9,600.3,195.0,91.99,99,34,74,595.6,543.9,182.1,91.99,99,30,68,594.4,491.5,0.0,1,0
1783046956.098,157.065,219.1,91.99,99,40,77,558.2,584.2,196.4,91.99,99,41,66,602.3,618.5,195.0,91.99,99,34,74,591.0,586.5,182.1,91.99,99,30,68,534.1,483.4,0.0,1,0
1783046956.539,157.506,219.6,91.99,99,40,78,588.5,549.0,196.5,91.99,99,41,66,590.8,621.2,195.3,91.99,99,34,75,549.1,591.4,182.3,91.99,99,30,68,529.7,483.8,0.0,1,0
1783046956.973,157.940,219.6,91.99,99,40,78,589.8,577.0,196.8,91.99,99,41,66,558.8,619.5,195.4,91.99,99,34,75,543.5,566.2,182.3,91.99,99,31,68,569.7,445.6,0.0,1,0
1783046957.408,158.375,220.1,91.99,99,40,78,552.3,588.2,197.3,91.99,99,41,66,555.9,619.6,195.6,91.99,99,34,75,588.7,547.0,182.4,91.99,99,30,68,568.3,447.0,0.0,1,0
1783046957.842,158.808,220.4,91.99,99,40,78,547.2,570.2,197.4,91.99,99,41,66,597.3,600.4,195.8,91.99,99,34,75,586.0,634.6,182.5,91.99,99,30,68,592.1,459.1,0.0,1,0
1783046958.282,159.248,220.7,91.99,99,40,78,559.7,602.5,197.6,91.99,99,41,66,555.4,617.0,196.1,91.99,99,34,75,546.5,551.8,182.7,91.99,99,31,69,570.3,459.3,0.0,1,0
1783046958.718,159.685,221.0,91.99,99,40,78,552.4,591.9,197.6,91.99,99,41,66,615.6,582.4,196.3,91.99,99,34,75,549.6,581.8,182.9,91.99,99,31,69,529.8,483.0,0.0,1,0
1783046959.155,160.122,221.5,91.99,99,40,79,587.1,548.3,197.9,91.99,99,41,67,567.6,612.4,196.7,91.99,99,34,76,546.8,582.7,183.1,91.99,99,30,69,576.0,445.2,0.0,1,0
1783046959.591,160.558,221.8,91.99,99,40,79,551.9,585.7,198.2,91.99,99,41,67,558.8,615.4,196.7,91.99,99,34,76,583.1,534.5,183.1,91.99,99,30,69,567.7,577.7,0.0,1,0
1783046960.029,160.996,222.1,91.99,99,40,79,587.5,538.7,198.3,91.99,99,41,67,593.9,614.2,196.9,91.99,99,34,76,545.7,568.8,183.3,91.99,99,30,69,532.2,481.4,0.0,1,0
1783046960.465,161.432,222.1,91.99,99,40,79,552.9,575.4,198.5,91.99,99,41,67,558.7,641.2,196.9,91.99,99,34,76,587.0,540.1,183.5,91.99,99,31,69,126.6,2.0,0.0,1,0
1783046960.904,161.870,222.5,91.99,99,40,79,2.3,0.5,187.8,91.99,0,0,66,0.6,2.3,187.6,91.99,3,1,75,4.4,0.4,178.0,91.99,29,9,68,0.7,0.5,0.0,1,0
1783046961.340,162.307,186.5,92.01,0,0,77,593.6,551.0,134.4,92.01,22,3,66,593.2,592.4,134.0,92.01,12,2,74,588.6,587.1,126.8,92.01,59,1,68,527.9,483.4,0.0,1,0
1783046961.778,162.745,143.3,92.01,99,40,79,558.0,588.7,131.5,92.01,99,41,67,558.4,613.4,129.8,92.01,99,34,76,547.4,556.4,120.3,92.01,99,30,69,570.2,447.3,0.0,1,0
1783046962.216,163.183,175.9,92.01,99,40,79,548.4,564.7,131.5,92.01,99,41,67,625.4,588.1,177.9,92.01,99,34,76,555.1,583.0,171.0,92.01,99,30,69,529.7,483.0,0.0,1,0
1783046962.654,163.621,222.8,92.01,99,39,79,588.0,578.6,189.3,92.01,99,41,67,558.6,621.1,197.2,92.01,99,34,76,636.6,598.1,184.0,92.01,99,30,70,542.9,484.4,0.0,1,0
1783046963.096,164.063,223.5,92.01,99,40,80,589.6,548.2,199.3,92.01,99,41,68,596.4,618.5,197.2,92.01,99,34,76,550.5,595.8,184.0,92.01,99,30,70,529.8,500.7,0.0,1,0
1783046963.533,164.500,223.8,92.01,99,40,80,550.1,571.7,199.5,92.01,99,41,68,555.3,630.6,197.7,92.01,99,34,77,585.5,543.4,184.0,92.01,99,30,70,567.4,444.0,0.0,1,0
1783046963.975,164.941,223.8,92.01,99,40,80,590.5,586.9,199.5,92.01,99,41,68,558.9,625.9,198.1,92.01,99,34,77,551.4,574.2,183.9,92.01,99,30,70,571.2,449.4,0.0,1,0
1783046964.416,165.383,224.1,92.01,99,40,80,592.8,559.6,199.7,92.01,99,41,68,592.9,611.8,198.6,92.01,99,34,77,550.5,580.6,184.2,92.01,99,30,70,576.1,445.0,0.0,1,0
1783046964.856,165.823,224.5,92.01,99,40,80,545.9,577.6,199.8,92.01,99,41,68,593.8,598.7,199.2,92.01,99,34,77,586.4,542.1,184.4,92.01,99,30,70,533.1,481.5,0.0,1,0
1783046965.294,166.260,224.7,92.01,99,40,80,587.1,547.9,200.0,92.01,99,41,68,563.3,655.6,199.8,92.01,99,34,77,596.5,553.5,184.8,92.01,99,30,70,573.9,444.9,0.0,1,0
1783046965.732,166.699,225.1,92.01,99,40,80,552.4,633.1,200.2,92.01,99,41,68,562.4,614.0,199.9,92.01,99,34,77,588.4,543.4,185.0,92.01,99,30,70,567.2,446.8,0.0,1,0
1783046966.177,167.144,225.4,92.01,99,40,80,548.5,586.3,200.2,92.01,99,41,68,595.0,593.3,200.2,92.01,99,34,77,590.3,532.1,185.4,92.01,99,30,71,597.0,490.2,0.0,1,0
1783046966.619,167.585,225.6,92.01,99,39,81,548.0,586.2,200.4,92.01,99,41,69,557.3,621.8,200.2,92.01,99,34,77,590.9,662.1,185.5,92.01,99,30,71,541.3,488.9,0.0,1,0
1783046967.060,168.026,226.0,92.01,99,40,81,586.7,588.9,200.8,92.01,99,41,69,555.7,612.7,200.4,92.01,99,34,78,546.4,568.6,185.5,92.01,99,30,71,563.3,447.7,0.0,1,0
1783046967.496,168.462,226.2,92.01,99,40,81,549.6,592.9,201.0,92.01,99,41,69,567.8,593.2,200.6,92.01,99,34,78,586.0,539.8,185.6,92.01,99,30,71,567.1,440.5,0.0,1,0
1783046967.933,168.899,226.2,92.01,99,40,81,590.2,563.2,201.2,92.01,99,41,69,601.0,609.9,200.7,92.01,99,34,78,551.2,587.2,185.8,92.01,99,31,71,527.1,485.5,0.0,1,0
1783046968.369,169.335,226.6,92.01,99,40,81,546.4,581.4,201.3,92.01,99,41,69,556.5,618.3,200.8,92.01,99,34,78,584.2,536.6,186.1,92.01,99,30,71,567.3,444.6,0.0,1,0
1783046968.804,169.771,227.0,92.01,99,40,81,553.8,596.4,201.6,92.01,99,41,69,596.3,598.9,200.9,92.01,99,34,78,589.2,538.8,186.4,92.01,99,30,71,569.8,484.0,0.0,1,0
1783046969.239,170.206,227.2,92.01,99,40,81,589.9,552.9,201.9,92.01,99,41,69,594.1,597.2,201.2,92.01,99,34,78,589.0,581.2,186.5,92.01,99,30,71,529.9,485.4,0.0,1,0
1783046969.674,170.641,227.4,92.01,99,40,81,586.9,546.7,201.9,92.01,99,41,69,559.8,617.0,201.7,92.01,99,34,78,556.8,558.6,186.5,92.01,99,30,71,571.3,443.5,0.0,1,0
1783046970.111,171.078,227.8,92.01,99,40,82,551.7,576.8,202.0,92.01,99,41,70,589.1,583.8,201.7,92.01,99,34,78,583.2,526.3,186.5,92.01,99,30,71,571.1,477.8,0.0,1,0
1783046970.546,171.513,228.1,92.01,99,40,82,586.5,553.9,202.0,92.01,99,41,70,593.4,599.5,201.7,92.01,99,34,79,554.5,577.9,186.6,92.01,99,31,71,530.1,485.2,0.0,1,0
1783046970.983,171.950,228.3,92.01,99,40,82,589.4,593.4,201.9,92.01,99,41,70,556.6,623.2,201.8,92.01,99,34,79,548.5,587.5,186.8,92.01,99,30,72,570.9,444.7,0.0,1,0
1783046971.418,172.384,228.3,92.01,99,40,82,553.0,610.3,202.2,92.01,99,41,70,611.0,591.0,202.2,92.01,99,34,79,586.7,564.2,187.0,92.01,99,30,72,529.9,484.7,0.0,1,0
1783046971.859,172.826,228.4,92.01,99,40,82,586.1,578.8,202.4,92.01,99,41,70,556.8,624.6,202.3,92.01,99,34,79,708.8,628.4,187.2,92.01,99,31,72,533.0,484.0,0.0,1,0
1783046972.304,173.271,228.7,92.01,99,40,82,590.1,577.7,202.5,92.01,99,41,70,558.2,636.3,202.4,92.01,99,34,79,550.1,580.4,187.3,92.01,99,31,72,575.6,445.6,0.0,1,0
1783046972.744,173.711,229.2,92.01,99,40,82,592.6,585.7,202.7,92.01,99,41,70,569.9,612.7,202.8,92.01,99,34,79,548.9,549.2,187.5,92.01,99,30,72,567.9,447.4,0.0,1,0
1783046973.185,174.152,229.3,92.01,99,40,83,549.6,591.9,202.7,92.01,99,41,70,595.9,602.8,203.1,92.01,99,34,79,584.4,543.5,187.7,92.01,99,30,72,572.4,480.7,0.0,1,0
1783046973.621,174.588,229.7,92.01,99,40,83,592.4,553.6,202.8,92.01,99,41,70,595.4,631.9,203.1,92.01,99,34,79,554.2,620.5,187.8,92.01,99,31,72,535.8,486.2,0.0,1,0
1783046974.059,175.026,230.2,92.01,99,40,83,548.5,581.3,202.9,92.01,99,41,70,558.9,619.0,203.3,92.01,99,34,80,583.3,529.9,187.8,92.01,99,31,72,577.5,450.4,0.0,1,0
1783046974.495,175.461,230.3,92.01,99,40,83,589.8,562.6,203.2,92.01,99,41,71,594.0,584.1,203.6,92.01,99,34,80,586.9,565.3,187.9,92.01,99,31,72,530.7,482.6,0.0,1,0
1783046974.930,175.897,230.3,92.01,99,40,83,0.6,2.3,202.1,92.01,77,32,71,2.5,0.5,203.9,92.01,90,31,80,2.7,0.4,188.1,92.01,99,31,71,0.6,0.4,0.0,1,0
