timestamp,elapsed_s,gpu0_power_w,gpu0_mem_used_gb,gpu0_util_pct,gpu0_mem_bw_util_pct,gpu0_temp_c,gpu0_pcie_tx_mb_s,gpu0_pcie_rx_mb_s,gpu1_power_w,gpu1_mem_used_gb,gpu1_util_pct,gpu1_mem_bw_util_pct,gpu1_temp_c,gpu1_pcie_tx_mb_s,gpu1_pcie_rx_mb_s,gpu2_power_w,gpu2_mem_used_gb,gpu2_util_pct,gpu2_mem_bw_util_pct,gpu2_temp_c,gpu2_pcie_tx_mb_s,gpu2_pcie_rx_mb_s,gpu3_power_w,gpu3_mem_used_gb,gpu3_util_pct,gpu3_mem_bw_util_pct,gpu3_temp_c,gpu3_pcie_tx_mb_s,gpu3_pcie_rx_mb_s,kv_cache_pct,requests_running,requests_waiting
1787233665.822,0.000,195.1,64.74,0,0,84,2.4,1.3,146.7,66.60,0,1,78,2.4,0.9,164.4,64.75,0,0,83,0.7,0.5,136.6,69.73,0,0,79,0.6,0.5,0.0,0,0
1787233666.263,0.441,138.6,64.74,0,0,84,2.6,0.6,146.7,66.60,0,1,78,4.7,1.0,106.6,64.75,0,0,83,2.2,0.5,110.8,69.73,0,0,79,0.6,0.6,0.0,0,0
1787233666.704,0.882,138.6,64.74,0,0,84,0.6,0.4,114.4,66.60,0,1,77,1.1,1.0,106.6,64.75,0,0,83,0.6,0.5,110.8,69.73,0,0,79,1.0,0.4,0.0,0,0
1787233667.144,1.323,117.4,64.74,0,0,83,0.6,0.5,113.5,66.60,0,1,77,1.0,1.8,100.2,64.75,0,0,82,2.0,1.4,92.7,69.73,0,0,78,3.6,2.2,0.0,0,0
1787233667.584,1.763,117.4,64.74,0,0,83,1.6,0.4,111.0,66.60,0,1,77,1.1,1.0,100.2,64.75,0,0,82,1.6,0.4,92.7,69.73,0,0,78,1.3,0.5,0.0,0,0
1787233668.023,2.202,115.2,64.74,0,0,83,2.7,2.6,111.0,66.60,0,1,77,4.7,2.6,100.2,64.75,0,0,82,0.6,0.4,92.7,69.73,0,0,78,2.3,0.4,0.0,0,0
1787233668.474,2.652,115.2,64.74,0,0,83,2.2,0.5,104.7,66.60,0,1,76,1.0,1.0,94.0,64.75,0,0,82,2.2,0.4,88.4,69.73,0,0,77,0.6,0.5,0.0,0,0
1787233668.914,3.092,115.2,64.74,0,0,83,4.0,0.8,104.5,66.60,0,1,76,5.2,2.5,93.8,64.75,0,0,81,6.9,0.8,88.4,69.73,0,0,77,4.8,3.8,0.0,0,0
1787233669.361,3.539,111.9,64.74,0,0,82,0.6,0.5,104.4,66.60,0,1,76,2.8,0.9,93.7,64.75,0,0,81,2.4,0.4,87.7,69.73,0,0,77,0.7,0.5,0.0,0,0
1787233669.801,3.980,111.9,64.74,0,0,82,0.7,0.4,104.4,66.60,0,1,76,1.9,0.9,93.7,64.75,0,0,81,0.6,0.5,86.9,69.73,0,0,77,0.6,0.4,0.0,0,0
1787233670.241,4.420,111.8,64.74,0,0,82,0.6,2.1,104.4,66.60,0,1,76,3.2,2.6,93.7,64.75,0,0,81,0.6,1.4,86.6,69.73,0,0,77,3.6,1.4,0.0,0,0
1787233670.682,4.860,111.8,64.74,0,0,82,2.3,0.9,103.5,66.60,0,1,75,1.0,1.1,92.3,64.75,0,0,81,0.6,0.5,86.5,69.73,0,0,76,0.6,0.4,0.0,0,0
1787233671.121,5.300,110.1,64.74,0,0,82,1.9,1.4,103.5,66.60,0,1,75,2.4,0.8,92.3,64.75,0,0,81,0.6,0.4,86.5,69.73,0,0,76,0.6,0.7,0.0,0,0
1787233671.561,5.739,110.1,64.74,0,0,82,0.6,2.1,103.5,66.60,0,1,75,4.7,1.1,92.3,64.75,0,0,81,2.3,0.5,86.5,69.73,0,0,76,1.5,0.4,0.0,0,0
1787233671.999,6.178,110.1,64.74,0,0,82,5.7,0.8,103.5,66.60,0,1,75,5.0,2.5,92.1,64.75,0,0,80,2.8,2.0,85.2,69.73,0,0,76,0.6,0.4,0.0,0,0
1787233672.443,6.622,109.4,64.74,0,0,81,0.6,0.5,102.6,66.60,0,1,74,1.1,1.0,92.1,64.75,0,0,80,0.6,1.4,85.2,69.73,0,0,76,3.5,1.4,0.0,0,0
1787233672.887,7.065,109.4,64.74,0,0,81,1.1,0.5,102.5,66.60,0,1,74,1.0,1.0,91.7,64.75,0,0,80,0.6,0.5,84.3,69.73,0,0,76,0.6,3.8,0.0,0,0
1787233673.328,7.507,108.9,64.74,0,0,81,1.9,1.4,102.4,66.60,0,1,74,2.4,1.0,91.7,64.75,0,0,80,0.6,0.5,84.3,69.73,0,0,76,0.6,0.4,0.0,0,0
1787233673.770,7.948,108.9,64.74,0,0,81,2.3,0.5,102.4,66.60,0,1,74,2.6,1.2,91.2,64.75,0,0,79,2.3,0.5,84.1,69.73,0,0,75,0.6,1.4,0.0,0,0
1787233674.210,8.389,108.6,64.74,0,0,80,0.8,0.4,102.4,66.60,0,1,74,1.1,2.0,91.2,64.75,0,0,79,2.8,1.4,84.1,69.73,0,0,75,0.6,0.5,0.0,0,0
1787233674.652,8.831,108.6,64.74,0,0,80,0.6,1.4,102.3,66.60,0,1,74,4.0,1.8,90.9,64.75,0,0,79,2.6,0.5,83.9,69.73,0,0,75,0.6,0.5,0.0,0,0
1787233675.092,9.270,107.6,64.74,0,0,80,2.7,5.1,102.3,66.60,0,1,74,0.9,1.1,90.9,64.75,0,0,79,0.6,0.4,83.9,69.73,0,0,75,0.6,0.4,0.0,0,0
1787233675.536,9.715,107.6,64.74,0,0,80,0.6,0.4,101.7,66.60,0,1,73,1.1,0.9,90.9,64.75,0,0,79,0.8,0.5,83.9,69.73,0,0,75,2.4,0.5,0.0,0,0
1787233675.977,10.155,107.6,64.74,0,0,80,2.3,3.8,101.6,66.60,0,1,73,5.3,4.1,90.6,64.75,0,0,79,0.8,3.7,83.5,69.73,0,0,75,3.9,0.4,0.0,0,0
1787233676.427,10.605,107.6,64.74,0,0,80,0.6,0.4,101.4,66.60,0,1,73,1.1,0.9,90.6,64.75,0,0,79,0.6,0.4,83.5,69.73,0,0,75,0.6,0.4,0.0,0,0
1787233676.869,11.047,107.5,64.74,0,0,80,3.6,0.4,101.3,66.60,0,1,73,2.7,0.8,90.7,64.75,0,0,78,2.3,0.5,83.0,69.73,0,0,74,0.6,0.8,0.0,0,0
1787233677.309,11.488,107.2,64.74,0,0,79,2.7,0.5,101.3,66.60,0,1,73,2.0,1.0,90.7,64.75,0,0,78,0.6,0.5,83.1,69.73,0,0,74,0.6,1.5,0.0,0,0
1787233677.749,11.927,107.3,64.74,0,0,79,1.3,0.5,100.8,66.60,0,1,73,1.0,1.0,90.3,64.75,0,0,78,0.6,0.5,83.0,69.73,0,0,74,2.8,0.4,0.0,0,0
1787233678.190,12.368,107.3,64.74,0,0,79,0.6,1.4,100.6,66.60,0,1,73,2.4,1.8,90.3,64.75,0,0,78,1.9,2.2,83.0,69.73,0,0,74,2.7,0.4,0.0,0,0
1787233678.634,12.812,106.3,64.74,0,0,79,0.6,0.4,100.5,66.60,0,1,72,1.1,1.0,90.0,64.75,0,0,78,0.6,0.9,82.4,69.73,0,0,74,2.2,0.5,0.0,0,0
1787233679.074,13.252,106.3,64.74,0,0,79,2.3,2.0,100.2,66.60,0,1,72,1.1,1.0,90.0,64.75,0,0,78,3.1,0.6,82.4,69.73,0,0,74,5.6,0.4,0.0,0,0
1787233679.523,13.701,105.9,64.74,0,0,79,0.6,0.4,100.1,66.60,0,1,72,1.1,1.8,90.0,64.75,0,0,78,2.1,1.3,82.4,69.73,0,0,74,2.1,0.8,0.0,0,0
1787233679.965,14.143,105.9,64.74,0,0,79,0.6,0.5,100.0,66.60,0,1,72,2.8,4.5,90.0,64.75,0,0,77,6.3,2.3,82.3,69.73,0,0,73,4.8,0.4,0.0,0,0
1787233680.408,14.587,105.9,64.74,0,0,79,1.9,0.4,99.8,66.60,0,1,72,1.1,1.0,90.0,64.75,0,0,77,0.6,0.4,82.3,69.73,0,0,73,0.6,0.4,0.0,0,0
1787233680.848,15.026,105.4,64.74,0,0,79,0.6,0.5,99.6,66.60,0,1,72,1.2,1.0,89.9,64.75,0,0,77,0.7,0.5,81.8,69.73,0,0,73,2.3,1.4,0.0,0,0
1787233681.289,15.467,105.4,64.74,0,0,79,1.9,0.6,99.6,66.60,0,1,72,2.0,0.9,89.9,64.75,0,0,77,0.6,0.4,81.8,69.73,0,0,73,0.6,0.4,0.0,0,0
1787233681.739,15.918,104.6,64.74,0,0,78,0.6,4.5,99.3,66.60,0,1,72,1.2,1.9,89.9,64.75,0,0,77,2.7,1.8,81.8,69.73,0,0,73,4.0,0.6,0.0,0,0
1787233682.182,16.360,104.6,64.74,0,0,78,2.3,0.6,99.1,66.60,0,1,71,2.1,1.1,89.9,64.75,0,0,77,0.9,2.7,81.8,69.73,0,0,73,5.4,0.6,0.0,0,0
1787233682.625,16.803,104.4,64.74,0,0,78,2.2,0.7,98.3,66.60,0,1,71,1.6,1.1,38.0,64.75,0,0,75,0.8,0.5,41.4,69.73,0,0,71,0.8,1.2,0.0,0,0
1787233683.072,17.250,104.4,64.74,0,0,78,5.1,2.7,84.6,66.60,0,1,70,1.3,0.9,38.0,64.75,0,0,75,3.4,0.7,41.4,69.73,0,0,71,1.6,2.0,0.0,0,0
1787233683.521,17.699,55.8,64.74,0,0,76,1.4,0.6,70.9,66.60,0,1,70,1.1,1.1,37.6,64.75,0,0,75,0.8,0.6,41.4,69.73,0,0,71,1.1,0.5,0.0,0,0
1787233683.973,18.151,55.8,64.74,0,0,76,3.8,3.9,68.7,66.60,0,1,70,7.2,1.3,37.2,64.75,0,0,74,7.3,6.1,20.9,69.73,0,0,70,0.7,2.9,0.0,0,0
1787233684.429,18.607,52.4,64.74,0,0,76,2.1,1.6,68.3,66.60,0,1,69,1.2,1.2,36.8,64.75,0,0,74,2.1,1.6,22.0,69.73,0,0,70,2.3,0.5,0.0,0,0
1787233684.890,19.068,46.1,64.74,0,0,76,4.2,1.6,67.8,66.60,0,1,69,1.2,1.1,36.8,64.75,0,0,74,2.1,1.9,23.6,69.73,0,0,70,2.2,9.6,0.0,0,0
1787233685.366,19.544,46.1,64.74,0,0,76,2.1,1.6,67.5,66.60,0,1,69,1.2,2.2,29.0,64.75,0,0,74,6.3,3.8,23.6,69.73,0,0,70,4.8,1.5,0.0,0,0
1787233685.848,20.026,37.1,64.74,0,0,75,2.1,1.5,67.5,66.60,0,1,69,2.7,1.1,29.0,64.75,0,0,74,2.1,1.1,20.5,69.73,0,0,70,3.7,1.6,0.0,0,0
1787233686.318,20.496,37.1,64.74,0,0,75,7.6,1.6,66.8,66.60,0,1,69,1.1,1.1,29.5,64.75,0,0,74,2.1,1.9,20.5,69.73,0,0,70,3.4,2.6,0.0,0,0
1787233686.805,20.983,36.2,64.74,0,0,75,10.9,1.6,66.8,66.60,0,1,68,1.2,1.0,29.5,64.75,0,0,74,1.7,1.3,19.3,69.73,0,0,69,2.0,1.3,0.0,0,0
1787233687.273,21.451,36.2,64.74,0,0,75,7.2,1.5,66.8,66.60,0,1,68,1.2,2.4,28.3,64.75,0,0,73,1.9,1.8,19.3,69.73,0,0,69,2.1,8.7,0.0,0,0
1787233687.757,21.935,35.2,64.74,0,0,74,2.1,1.6,66.7,66.60,0,1,68,2.8,2.3,28.3,64.75,0,0,73,4.0,2.2,19.2,69.73,0,0,69,4.8,1268.4,2.0,0,0
1787233688.493,22.671,38.4,64.74,97,17,75,633.1,773.7,106.4,66.60,73,17,71,613.5,854.7,46.9,64.75,100,14,77,642.3,752.1,42.6,69.73,84,26,72,614.5,613.4,2.0,2,0
1787233688.936,23.114,106.5,64.74,97,34,78,647.1,767.8,144.7,66.60,99,23,72,598.4,886.7,89.3,64.75,99,41,78,650.5,750.8,131.2,69.73,99,32,73,563.9,648.1,2.0,2,0
1787233689.382,23.561,222.3,64.74,99,40,79,587.9,785.2,219.9,66.60,99,23,72,645.4,790.3,205.2,64.75,99,42,78,652.1,835.2,195.4,69.73,99,32,73,558.3,630.4,2.0,2,0
1787233689.825,24.003,235.7,64.74,99,40,79,583.3,890.3,226.7,66.60,99,23,73,654.5,819.7,216.7,64.75,99,41,79,636.9,808.9,203.4,69.73,99,32,73,553.3,622.0,2.0,2,0
1787233690.266,24.444,238.3,64.74,99,40,80,585.8,939.3,226.7,66.60,99,23,73,659.7,862.3,217.9,64.75,99,41,79,590.4,803.5,204.0,69.73,99,32,74,609.1,566.8,2.0,2,0
1787233690.709,24.887,238.4,64.74,99,40,80,628.8,719.0,227.0,66.60,99,23,73,653.5,840.6,217.5,64.75,99,41,79,594.5,966.6,203.8,69.73,99,32,74,556.8,580.8,2.0,2,0
1787233691.150,25.328,239.0,64.74,99,40,80,638.4,721.1,226.9,66.60,99,23,73,641.9,799.9,217.8,64.75,99,41,79,593.7,815.5,203.8,69.73,99,32,74,553.7,796.8,2.0,2,0
1787233691.594,25.773,239.4,64.74,99,40,80,633.6,711.3,227.0,66.60,99,23,73,642.7,854.8,217.8,64.75,99,41,79,592.3,837.7,203.8,69.73,99,32,74,612.0,576.8,2.0,2,0
1787233692.038,26.217,239.7,64.74,99,40,80,653.9,799.5,227.4,66.60,99,23,73,653.4,818.7,218.6,64.75,99,41,79,586.7,816.2,203.8,69.73,99,32,74,554.5,618.5,2.0,2,0
1787233692.487,26.665,239.7,64.74,99,40,80,633.8,738.0,227.6,66.60,99,23,73,651.4,829.4,218.9,64.75,99,41,80,592.6,831.2,203.6,69.73,99,32,74,608.5,572.8,2.0,2,0
1787233692.932,27.110,240.4,64.74,99,40,81,637.7,776.2,227.5,66.60,99,23,73,599.2,838.6,219.4,64.75,99,41,80,640.7,778.2,203.9,69.73,99,32,74,589.5,622.8,2.0,2,0
1787233693.383,27.561,240.5,64.74,99,40,81,637.4,722.4,227.6,66.60,99,23,73,654.2,838.1,219.7,64.75,99,41,80,582.4,814.5,204.0,69.73,99,32,74,612.6,575.0,2.0,2,0
1787233693.829,28.007,240.4,64.74,99,40,81,639.9,758.0,227.6,66.60,99,23,73,602.4,823.7,219.5,64.75,99,41,80,642.5,736.4,203.9,69.73,99,32,74,610.3,621.2,2.0,2,0
1787233694.271,28.450,241.0,64.74,99,40,81,612.8,869.9,227.6,66.60,99,23,73,654.5,816.8,219.8,64.75,99,41,80,591.9,821.4,204.0,69.73,99,32,75,563.8,594.0,2.0,2,0
1787233694.718,28.896,241.3,64.74,99,40,81,627.7,703.6,227.4,66.60,99,23,73,650.7,848.3,220.2,64.75,99,41,80,591.5,829.1,204.4,69.73,99,32,75,612.8,568.2,2.0,2,0
1787233695.161,29.339,241.6,64.74,99,40,81,633.6,754.4,227.6,66.60,99,23,74,607.1,849.7,220.2,64.75,99,41,81,645.2,752.7,204.3,69.73,99,32,75,610.2,625.1,2.0,2,0
1787233695.606,29.785,242.1,64.74,99,40,82,674.4,736.4,227.6,66.60,99,23,74,651.9,842.1,220.3,64.75,99,41,81,594.1,817.7,204.5,69.73,99,32,75,609.5,584.0,2.0,2,0
1787233696.054,30.233,243.0,64.74,99,40,82,590.5,773.7,227.8,66.60,99,23,74,650.1,813.4,220.3,64.75,99,41,81,645.5,819.6,204.5,69.73,99,32,75,561.5,621.2,2.0,2,0
1787233696.503,30.681,243.0,64.74,99,40,82,637.4,707.2,228.4,66.60,99,23,74,652.6,792.2,221.0,64.75,99,42,81,590.5,833.0,204.9,69.73,99,32,75,553.9,578.1,2.0,2,0
1787233696.949,31.127,243.5,64.74,99,40,82,636.7,754.3,228.4,66.60,99,23,74,605.7,833.5,221.2,64.75,99,41,81,746.5,814.9,205.2,69.73,99,32,75,557.9,618.8,2.0,2,0
1787233697.398,31.576,243.4,64.74,99,40,82,642.8,727.5,228.0,66.60,99,22,74,653.8,840.3,221.3,64.75,99,41,81,588.5,809.3,204.8,69.73,99,32,75,608.2,570.3,2.0,2,0
1787233697.842,32.020,243.3,64.74,99,40,82,645.8,770.3,227.8,66.60,99,23,74,597.9,846.0,221.3,64.75,99,41,81,643.4,751.1,204.5,69.73,99,32,75,609.2,615.9,2.0,2,0
1787233698.284,32.463,243.5,64.74,99,40,82,660.0,752.6,227.8,66.60,99,23,74,597.3,865.8,221.7,64.75,99,41,81,644.2,721.7,204.8,69.73,99,32,75,611.5,615.8,2.0,2,0
1787233698.728,32.906,244.2,64.74,99,40,83,583.4,784.1,228.0,66.60,99,23,74,656.1,799.1,222.2,64.75,99,41,82,648.4,794.0,205.1,69.73,99,32,75,558.4,625.3,2.0,2,0
1787233699.170,33.349,244.8,64.74,99,40,83,580.7,767.9,228.3,66.60,99,23,74,653.2,791.8,222.5,64.75,99,41,82,632.3,802.1,205.6,69.73,99,32,75,652.2,584.8,2.0,2,0
1787233699.614,33.793,245.0,64.74,99,40,83,637.2,724.0,228.8,66.60,99,23,74,647.3,879.8,222.7,64.75,99,41,82,648.9,733.1,205.8,69.73,99,32,75,610.7,620.1,2.0,2,0
1787233700.060,34.239,245.1,64.74,99,39,83,643.0,783.9,229.1,66.60,99,23,74,652.4,831.9,222.7,64.75,99,41,82,584.4,809.1,205.8,69.73,99,32,75,617.6,571.1,2.0,2,0
1787233700.509,34.688,245.1,64.74,99,39,83,638.0,770.9,228.6,66.60,99,23,74,595.1,841.7,222.8,64.75,99,41,82,646.8,736.6,205.4,69.73,99,32,75,610.1,636.3,2.0,2,0
1787233700.952,35.131,244.9,64.74,99,39,83,582.4,747.0,228.2,66.60,99,22,74,597.0,862.7,222.6,64.75,99,41,82,658.0,966.1,205.1,69.73,99,32,75,641.2,616.3,2.0,2,0
1787233701.404,35.582,245.1,64.74,99,40,83,0.6,0.5,228.3,66.60,99,23,73,1.6,0.9,222.9,64.75,99,41,82,0.7,1.4,205.3,69.73,99,32,76,1.9,1.4,2.0,0,0
1787233702.210,36.388,189.6,64.74,99,32,83,623.6,692.0,180.0,66.60,52,10,74,638.1,845.3,169.8,64.75,47,15,82,608.8,728.7,150.9,69.73,95,25,75,603.8,560.6,4.0,2,0
1787233702.655,36.833,209.6,64.74,99,42,83,624.5,692.4,176.9,66.60,99,24,74,639.1,776.6,204.9,64.75,99,43,82,631.9,817.2,190.6,69.73,99,33,76,547.3,615.1,4.0,2,0
1787233703.097,37.275,242.9,64.74,99,42,84,624.6,737.4,220.4,66.60,99,24,74,592.3,826.8,204.9,64.75,99,43,82,640.9,748.0,209.0,69.73,99,33,76,599.8,562.7,4.0,2,0
1787233703.538,37.716,251.3,64.74,99,42,84,625.8,737.5,234.8,66.60,99,24,75,637.4,787.5,226.8,64.75,99,43,83,639.0,787.9,209.0,69.73,99,33,76,554.3,622.4,4.0,2,0
1787233703.980,38.158,251.3,64.74,99,42,84,628.9,878.4,235.2,66.60,99,24,75,668.7,796.3,229.4,64.75,99,43,83,635.9,803.5,211.0,69.73,99,33,76,551.5,622.9,4.0,2,0
1787233704.427,38.605,251.7,64.74,99,41,84,626.3,750.8,234.9,66.60,99,24,75,590.5,848.1,229.5,64.75,99,43,83,635.6,739.0,211.0,69.73,99,33,76,608.3,572.8,4.0,2,0
1787233704.868,39.047,251.7,64.74,99,41,84,627.5,709.1,234.8,66.60,99,24,75,649.4,823.7,229.5,64.75,99,43,83,583.3,808.8,211.2,69.73,99,33,76,549.7,628.1,4.0,2,0
1787233705.312,39.490,252.0,64.74,99,41,84,586.4,771.0,234.8,66.60,99,24,75,641.8,789.3,229.6,64.75,99,43,83,640.4,703.1,211.2,69.73,99,33,76,603.0,618.2,4.0,2,0
1787233705.754,39.932,252.7,64.74,99,42,84,629.7,729.9,234.9,66.60,99,24,75,675.0,883.6,229.9,64.75,99,43,83,635.1,726.8,211.4,69.73,99,33,76,601.7,613.2,4.0,2,0
1787233706.200,40.379,253.6,64.74,99,42,85,630.8,730.3,235.2,66.60,99,24,75,639.6,814.6,230.5,64.75,99,43,83,583.8,947.6,211.7,69.73,99,33,76,597.3,557.4,4.0,2,0
1787233706.642,40.820,254.1,64.74,99,42,85,584.5,763.6,235.5,66.60,99,24,75,643.2,798.0,230.9,64.75,99,43,84,637.4,719.8,211.9,69.73,99,33,76,601.8,617.4,4.0,2,0
1787233707.084,41.262,254.2,64.74,99,41,85,764.6,751.8,235.4,66.60,99,24,75,644.7,784.1,230.9,64.75,99,43,84,637.0,796.4,211.6,69.73,99,33,76,554.0,612.9,4.0,2,0
1787233707.533,41.711,254.3,64.74,99,41,85,638.2,762.7,235.3,66.60,99,24,75,593.1,812.9,230.9,64.75,99,43,84,578.8,738.4,211.6,69.73,99,33,76,607.0,560.9,4.0,2,0
1787233707.975,42.153,254.3,64.74,99,41,85,623.4,737.6,235.2,66.60,99,24,75,667.5,862.4,230.9,64.75,99,43,84,705.5,759.9,211.5,69.73,99,33,76,605.8,613.7,4.0,2,0
1787233708.425,42.603,254.5,64.74,99,41,85,635.8,730.1,235.3,66.60,99,24,75,642.2,816.2,230.8,64.75,99,43,84,587.8,791.1,211.6,69.73,99,33,76,603.5,577.8,4.0,2,0
1787233708.869,43.047,255.0,64.74,99,41,85,628.7,722.9,235.2,66.60,99,24,75,641.5,790.8,231.2,64.75,99,43,84,637.3,797.3,211.5,69.73,99,33,76,551.8,624.8,5.0,2,0
1787233709.313,43.491,255.1,64.74,99,41,85,628.1,713.3,235.1,66.60,99,24,75,644.0,783.6,231.6,64.75,99,43,84,588.5,827.6,211.6,69.73,99,33,76,553.1,607.1,5.0,2,0
1787233709.759,43.938,255.2,64.74,99,41,86,582.4,757.1,235.1,66.60,99,24,75,644.6,778.5,231.6,64.75,99,43,84,636.3,818.9,211.8,69.73,99,33,77,559.2,635.0,5.0,2,0
1787233710.206,44.385,255.3,64.74,99,41,86,583.9,757.5,235.0,66.60,99,24,75,652.1,936.7,231.8,64.75,99,43,84,592.1,807.5,211.7,69.73,99,33,77,553.8,579.8,5.0,2,0
1787233710.653,44.832,255.5,64.74,99,41,86,632.6,745.3,235.0,66.60,99,24,75,645.5,847.0,231.8,64.75,99,43,85,580.6,808.7,211.6,69.73,99,33,77,556.9,628.4,5.0,2,0
1787233711.096,45.275,255.7,64.74,99,41,86,586.2,783.5,235.2,66.60,99,24,75,636.3,790.5,231.8,64.75,99,43,85,642.1,809.5,211.4,69.73,99,33,77,555.4,615.3,5.0,2,0
1787233711.540,45.719,255.9,64.74,99,41,86,582.5,762.9,235.4,66.60,99,24,75,641.7,787.3,231.9,64.75,99,43,85,641.0,739.0,211.4,69.73,99,33,77,556.5,615.3,5.0,2,0
1787233711.984,46.163,255.9,64.74,99,41,86,631.6,863.8,235.7,66.60,99,24,76,783.4,799.2,232.1,64.75,99,43,85,586.6,805.7,211.3,69.73,99,33,77,600.2,569.2,5.0,2,0
1787233712.437,46.615,256.5,64.74,99,41,86,631.9,748.6,235.8,66.60,99,24,76,650.1,792.1,232.6,64.75,99,43,85,623.5,809.2,211.3,69.73,99,33,77,555.4,619.5,5.0,2,0
1787233712.883,47.061,256.8,64.74,99,41,86,633.3,732.9,235.9,66.60,99,24,76,642.6,799.4,232.7,64.75,99,43,85,585.2,820.5,211.2,69.73,99,33,77,581.0,591.2,5.0,2,0
1787233713.328,47.506,257.0,64.74,99,41,86,582.3,761.2,236.0,66.60,99,24,76,642.6,801.6,233.1,64.75,99,43,85,641.2,809.4,211.4,69.73,99,33,77,553.6,616.0,5.0,2,0
1787233713.772,47.951,257.4,64.74,99,41,87,581.4,782.1,236.0,66.60,99,24,76,644.0,796.3,233.7,64.75,99,43,85,639.9,712.4,211.6,69.73,99,33,77,603.0,607.0,5.0,2,0
1787233714.214,48.393,257.3,64.74,99,41,87,630.0,739.0,236.0,66.60,99,24,76,597.8,829.2,233.6,64.75,99,43,85,693.2,739.7,211.5,69.73,99,33,77,602.3,568.3,5.0,2,0
1787233714.657,48.835,257.4,64.74,99,41,87,629.1,720.9,235.9,66.60,99,24,76,644.5,836.0,233.4,64.75,99,43,85,582.1,771.5,211.5,69.73,99,33,77,550.4,608.2,5.0,2,0
1787233715.098,49.277,257.8,64.74,99,41,87,377.1,503.0,235.7,66.60,99,23,76,383.3,414.8,233.4,64.75,99,43,85,2.9,1.4,210.2,69.73,87,28,77,1.1,0.5,0.0,0,0
1787233715.659,49.838,226.1,64.74,89,13,86,374.8,503.5,223.5,66.60,2,1,73,384.9,559.9,194.9,64.75,100,17,85,375.7,25874.4,176.7,69.73,99,32,76,4807.1,6199.1,2.0,0,0
1787233716.107,50.285,210.3,64.74,64,23,86,643.8,763.5,199.9,66.60,98,22,75,598.1,830.7,190.0,64.75,99,43,85,636.9,733.2,165.9,69.73,99,33,77,603.2,622.3,4.0,2,0
1787233716.550,50.729,235.6,64.74,99,41,87,634.2,730.4,194.0,66.60,99,24,76,647.7,827.5,190.0,64.75,99,43,85,584.4,809.4,165.9,69.73,99,33,77,602.2,571.1,4.0,2,0
1787233716.993,51.171,235.6,64.74,99,41,87,601.6,720.3,228.6,66.60,99,24,76,649.5,804.9,224.9,64.75,99,43,86,646.4,796.5,203.3,69.73,99,33,77,559.9,611.3,4.0,2,0
1787233717.438,51.616,254.2,64.74,99,42,87,583.3,764.6,236.5,66.60,99,24,76,588.8,845.5,234.9,64.75,99,43,86,635.1,737.8,212.5,69.73,99,33,77,601.5,613.3,4.0,2,0
1787233717.882,52.060,259.4,64.74,99,42,87,631.3,792.5,237.1,66.60,99,24,76,596.9,846.5,235.9,64.75,99,43,86,586.5,722.7,213.0,69.73,99,33,77,664.6,667.3,4.0,2,0
1787233718.334,52.512,260.0,64.74,99,41,88,578.3,793.8,236.8,66.60,99,24,76,641.3,804.9,235.9,64.75,99,43,86,640.0,797.0,212.8,69.73,99,33,77,551.3,602.4,4.0,2,0
1787233718.775,52.954,260.2,64.74,99,41,88,636.0,773.2,236.8,66.60,99,24,76,590.2,847.6,235.7,64.75,99,43,86,637.6,718.1,212.2,69.73,99,33,77,602.3,561.6,4.0,2,0
1787233719.218,53.396,260.3,64.74,99,41,88,632.9,745.1,236.4,66.60,99,24,76,641.9,824.1,235.9,64.75,99,43,86,590.4,948.2,212.2,69.73,99,33,77,608.4,574.2,4.0,2,0
1787233719.662,53.840,260.8,64.74,99,41,88,578.6,774.4,236.6,66.60,99,24,76,643.0,788.9,235.9,64.75,99,43,86,643.0,831.2,212.4,69.73,99,33,77,551.1,616.3,4.0,2,0
1787233720.106,54.285,261.1,64.74,99,42,88,683.6,737.3,236.7,66.60,99,24,76,646.7,775.7,236.3,64.75,99,43,87,638.0,823.5,212.6,69.73,99,33,77,545.6,616.9,4.0,2,0
1787233720.554,54.732,261.8,64.74,99,42,88,586.8,783.2,237.0,66.60,99,24,76,647.2,792.9,236.3,64.75,99,43,87,639.6,739.1,212.6,69.73,99,33,77,552.0,613.2,4.0,2,0
1787233720.997,55.175,261.8,64.74,99,42,88,635.8,754.8,237.4,66.60,99,24,76,592.1,916.1,237.0,64.75,99,43,87,685.3,794.1,213.2,69.73,99,33,78,554.1,616.4,4.0,2,0
1787233721.449,55.627,262.0,64.74,99,41,88,581.6,730.0,236.9,66.60,99,24,76,641.5,801.4,237.0,64.75,99,43,87,641.9,781.9,213.0,69.73,99,33,78,553.2,611.5,4.0,2,0
1787233721.898,56.076,261.6,64.74,99,41,88,631.5,732.3,236.4,66.60,99,24,76,642.8,797.8,236.7,64.75,99,43,87,583.6,802.8,212.5,69.73,99,33,78,554.0,639.4,4.0,2,0
1787233722.344,56.522,262.0,64.74,99,41,89,633.1,724.0,236.6,66.60,99,24,76,644.6,814.1,237.2,64.75,99,43,87,583.5,797.4,212.7,69.73,99,33,78,550.6,608.5,4.0,2,0
1787233722.789,56.967,262.5,64.74,99,41,89,583.9,739.2,236.6,66.60,99,24,76,648.2,783.1,237.6,64.75,99,43,87,638.4,782.7,213.2,69.73,99,33,78,551.4,617.5,5.0,2,0
1787233723.233,57.412,262.9,64.74,99,41,89,581.2,761.8,236.9,66.60,99,24,76,638.1,812.1,237.9,64.75,99,43,87,645.5,770.9,213.2,69.73,99,33,78,550.2,620.7,5.0,2,0
1787233723.678,57.856,263.1,64.74,99,41,89,582.1,781.2,237.0,66.60,99,24,77,643.1,809.0,238.2,64.75,99,43,87,638.3,710.7,213.4,69.73,99,33,78,598.6,620.4,5.0,2,0
1787233724.121,58.299,263.3,64.74,99,41,89,629.8,754.3,237.1,66.60,99,24,77,589.9,884.2,238.1,64.75,99,43,87,667.7,802.8,213.4,69.73,99,33,78,552.7,649.2,5.0,2,0
1787233724.574,58.752,263.6,64.74,99,41,89,633.0,734.9,237.0,66.60,99,24,77,643.9,830.5,238.1,64.75,99,43,87,584.2,823.6,213.4,69.73,99,33,78,606.0,576.0,5.0,2,0
1787233725.017,59.196,263.6,64.74,99,41,89,581.9,778.7,236.7,66.60,99,24,77,694.8,845.2,238.1,64.75,99,43,87,641.2,719.6,213.2,69.73,99,33,78,606.6,613.2,5.0,2,0
1787233725.471,59.650,263.5,64.74,99,41,89,584.2,749.6,236.8,66.60,99,24,77,590.7,864.2,238.5,64.75,99,43,88,637.0,739.4,213.1,69.73,99,33,78,604.5,602.3,5.0,2,0
1787233725.914,60.092,263.9,64.74,99,41,89,628.8,731.2,237.1,66.60,99,24,77,642.4,832.1,238.8,64.75,99,43,88,579.9,806.1,213.4,69.73,99,33,78,619.0,631.8,5.0,2,0
1787233726.359,60.538,264.2,64.74,99,41,89,637.4,747.8,237.1,66.60,99,24,77,648.6,828.5,239.0,64.75,99,43,88,580.9,815.2,213.9,69.73,99,33,78,600.5,576.3,5.0,2,0
1787233726.800,60.978,264.4,64.74,99,41,89,578.6,755.7,237.1,66.60,99,24,77,640.6,792.0,239.1,64.75,99,43,88,641.4,815.4,213.9,69.73,99,33,78,556.2,611.5,5.0,2,0
1787233727.244,61.422,264.7,64.74,99,41,89,585.5,752.1,237.0,66.60,99,24,77,611.2,784.7,239.4,64.75,99,43,88,664.9,761.3,213.8,69.73,99,33,78,601.2,613.1,5.0,2,0
1787233727.689,61.867,265.0,64.74,99,41,89,629.5,781.5,237.3,66.60,99,24,77,600.8,833.7,239.6,64.75,99,43,88,631.3,749.4,213.5,69.73,99,33,78,605.5,566.1,5.0,2,0
1787233728.136,62.314,264.8,64.74,99,41,89,633.9,759.6,237.4,66.60,99,24,77,595.4,850.3,239.7,64.75,99,43,88,641.4,728.0,213.2,69.73,99,33,78,666.4,780.7,5.0,2,0
1787233728.589,62.768,264.7,64.74,99,41,90,629.2,732.5,237.2,66.60,99,24,77,645.9,831.1,239.7,64.75,99,43,88,581.4,807.4,213.2,69.73,99,33,78,608.7,571.9,5.0,2,0
1787233729.032,63.211,264.0,64.74,99,38,89,3.6,2.2,237.0,66.60,99,24,77,3.1,3.5,239.7,64.75,99,43,88,4.2,1.4,213.2,69.73,99,33,78,483.9,6326.7,2.0,0,0
1787233729.809,63.987,230.1,64.74,99,38,89,627.7,690.1,209.8,66.60,69,10,76,646.7,810.8,205.0,64.75,92,27,88,588.0,813.4,177.8,69.73,100,13,78,549.2,623.7,4.0,2,0
1787233730.252,64.430,221.7,64.74,99,41,89,582.3,766.8,197.1,66.60,73,17,77,763.3,891.5,202.2,64.75,99,43,88,638.3,825.4,197.5,69.73,99,33,78,546.7,619.5,4.0,2,0
1787233730.707,64.886,255.3,64.74,99,42,89,630.1,753.8,223.1,66.60,99,24,77,596.9,822.8,234.6,64.75,99,43,88,645.3,741.6,212.0,69.73,99,33,78,605.7,615.7,4.0,2,0
1787233731.150,65.329,265.4,64.74,99,42,89,635.1,741.1,235.2,66.60,99,24,77,646.4,822.1,241.4,64.75,99,43,88,584.4,802.6,214.8,69.73,99,33,78,604.8,582.3,4.0,2,0
1787233731.594,65.772,265.9,64.74,99,41,89,635.0,717.9,238.6,66.60,99,24,77,644.1,802.1,241.4,64.75,99,43,88,644.1,781.9,214.9,69.73,99,33,79,557.4,624.9,4.0,2,0
1787233732.041,66.220,265.9,64.74,99,41,89,638.3,720.7,238.7,66.60,99,24,77,610.8,801.7,241.7,64.75,99,43,88,643.5,720.5,214.9,69.73,99,33,79,599.0,572.1,4.0,2,0
1787233732.491,66.669,265.9,64.74,99,41,89,631.2,710.8,238.5,66.60,99,24,77,646.9,842.5,241.5,64.75,99,43,89,584.0,829.9,214.8,69.73,99,33,79,602.9,566.5,4.0,2,0
1787233732.939,67.117,265.9,64.74,99,42,90,631.5,734.4,238.7,66.60,99,24,77,597.3,1066.0,241.6,64.75,99,43,89,647.4,742.2,214.9,69.73,99,33,79,605.7,663.8,4.0,2,0
1787233733.387,67.565,266.3,64.74,99,41,90,627.7,760.6,238.6,66.60,99,24,77,590.4,919.8,242.1,64.75,99,43,89,578.7,745.3,214.9,69.73,99,33,79,604.3,566.1,4.0,2,0
1787233733.831,68.009,266.6,64.74,99,42,90,656.9,720.5,238.8,66.60,99,24,77,639.6,807.0,242.3,64.75,99,43,89,581.5,817.1,214.9,69.73,99,33,79,608.8,559.5,4.0,2,0
1787233734.276,68.455,266.7,64.74,99,42,90,637.0,874.5,238.8,66.60,99,24,77,596.6,816.8,242.7,64.75,99,43,89,630.4,721.0,215.2,69.73,99,33,79,620.6,616.5,4.0,2,0
1787233734.728,68.906,266.8,64.74,99,41,90,636.2,754.7,239.3,66.60,99,24,77,593.9,807.3,242.6,64.75,99,43,89,640.9,716.6,215.1,69.73,99,33,79,603.8,560.0,4.0,2,0
1787233735.170,69.348,266.5,64.74,99,41,90,632.3,767.9,239.2,66.60,99,24,78,646.3,840.4,242.6,64.75,99,43,89,576.6,813.1,215.2,69.73,99,33,79,558.3,558.4,4.0,2,0
1787233735.616,69.794,266.4,64.74,99,42,90,627.6,732.6,239.2,66.60,99,24,78,641.9,790.0,242.9,64.75,99,43,89,586.2,801.8,215.5,69.73,99,33,79,548.0,607.3,4.0,2,0
1787233736.059,70.237,266.4,64.74,99,41,90,628.4,848.8,239.3,66.60,99,24,78,597.6,813.2,242.9,64.75,99,43,89,642.4,733.8,215.5,69.73,99,33,79,610.8,606.8,4.0,2,0
1787233736.513,70.691,266.4,64.74,99,41,90,629.9,717.6,239.4,66.60,99,24,78,591.1,827.0,243.4,64.75,99,43,89,588.2,834.0,215.7,69.73,99,33,79,601.1,573.4,5.0,2,0
1787233736.960,71.139,266.7,64.74,99,42,90,632.5,742.2,239.8,66.60,99,24,78,767.5,814.9,243.7,64.75,99,43,89,641.7,821.8,216.0,69.73,99,33,79,575.8,623.0,5.0,2,0
1787233737.409,71.587,266.8,64.74,99,41,90,626.1,754.7,240.1,66.60,99,24,78,584.5,828.7,243.9,64.75,99,43,89,637.3,743.8,216.0,69.73,99,33,79,604.9,614.8,5.0,2,0
1787233737.851,72.030,266.9,64.74,99,42,90,629.1,718.7,240.2,66.60,99,24,78,639.1,848.7,243.7,64.75,99,43,89,591.3,797.1,216.3,69.73,99,33,79,601.2,575.0,5.0,2,0
1787233738.296,72.474,267.0,64.74,99,42,90,637.7,721.3,240.2,66.60,99,24,78,645.3,801.8,243.8,64.75,99,43,89,615.5,807.2,216.6,69.73,99,33,79,552.5,611.8,5.0,2,0
1787233738.738,72.917,267.0,64.74,99,41,90,581.9,766.9,240.1,66.60,99,24,78,592.1,822.2,243.7,64.75,99,43,89,639.0,741.4,216.6,69.73,99,33,79,604.0,603.9,5.0,2,0
1787233739.180,73.359,266.7,64.74,99,41,90,628.7,724.4,240.1,66.60,99,24,78,644.8,817.7,243.7,64.75,99,43,89,581.0,801.4,216.4,69.73,99,33,79,615.3,716.7,5.0,2,0
1787233739.623,73.801,266.6,64.74,99,42,90,582.1,736.4,240.0,66.60,99,24,78,636.6,787.1,243.7,64.75,99,43,89,635.4,822.7,216.5,69.73,99,33,79,547.5,620.8,5.0,2,0
1787233740.069,74.248,266.7,64.74,99,42,90,580.3,799.9,240.2,66.60,99,24,78,638.9,785.1,243.7,64.75,99,43,89,651.6,807.1,216.5,69.73,99,33,79,552.5,617.6,5.0,2,0
1787233740.515,74.694,266.7,64.74,99,42,90,581.4,795.5,240.4,66.60,99,24,78,650.6,774.3,243.6,64.75,99,43,89,657.9,814.9,216.5,69.73,99,33,79,551.0,616.8,5.0,2,0
1787233740.959,75.137,267.0,64.74,99,42,90,628.9,761.3,240.6,66.60,99,24,78,663.3,833.4,243.8,64.75,99,43,89,659.5,725.7,216.8,69.73,99,33,79,611.6,615.5,5.0,2,0
1787233741.407,75.586,267.0,64.74,99,42,90,636.3,757.4,240.7,66.60,99,24,78,594.3,870.9,243.8,64.75,99,43,89,638.2,744.1,217.0,69.73,99,33,80,607.6,621.6,5.0,2,0
1787233741.852,76.030,266.7,64.74,99,41,90,635.1,773.0,240.5,66.60,99,23,78,592.6,843.1,243.6,64.75,99,43,89,585.6,726.6,216.9,69.73,99,33,80,605.6,581.8,5.0,2,0
1787233742.296,76.474,266.5,64.74,99,41,90,730.0,780.0,240.5,66.60,99,23,78,589.4,834.3,243.1,64.75,99,43,89,635.6,742.8,216.6,69.73,99,33,80,605.6,570.8,5.0,2,0
1787233742.744,76.922,266.5,64.74,99,41,89,372.5,94.3,240.3,66.60,99,24,78,2.1,0.9,243.0,64.75,99,42,89,2.2,1.3,216.0,69.73,99,32,80,1.9,1.3,0.0,0,0
1787233743.198,77.376,240.3,64.74,53,9,88,375.7,507.0,238.8,66.60,92,22,76,383.0,578.0,214.5,64.75,46,15,88,496.2,6031.7,187.4,69.73,99,26,79,9564.4,21614.5,2.0,0,0
1787233743.643,77.821,226.9,64.74,98,16,89,632.7,769.4,208.6,66.60,99,23,78,592.3,852.5,204.4,64.75,99,43,89,639.9,757.0,179.3,69.73,99,33,79,604.2,563.0,4.0,2,0
1787233744.086,78.265,240.4,64.74,99,42,89,648.7,757.0,204.9,66.60,99,24,78,588.5,818.2,204.4,64.75,99,43,89,583.2,796.0,206.8,69.73,99,33,80,602.3,564.9,4.0,2,0
1787233744.532,78.710,261.1,64.74,99,41,89,628.2,736.7,232.1,66.60,99,24,78,636.4,828.8,228.2,64.75,99,43,89,583.8,804.0,206.8,69.73,99,33,80,601.4,575.9,4.0,2,0
1787233744.976,79.155,261.1,64.74,99,41,89,581.3,752.7,240.3,66.60,99,24,78,644.8,829.7,242.8,64.75,99,43,89,638.2,890.8,216.5,69.73,99,33,80,610.1,553.9,4.0,2,0
1787233745.428,79.606,266.4,64.74,99,41,89,629.3,759.6,240.5,66.60,99,23,78,594.8,829.0,243.3,64.75,99,43,89,579.5,764.1,216.9,69.73,99,33,80,603.5,573.1,4.0,2,0
1787233745.872,80.050,266.2,64.74,99,41,89,633.8,735.0,240.4,66.60,99,24,78,642.0,807.1,242.9,64.75,99,43,89,586.6,816.8,216.5,69.73,99,33,80,604.7,568.7,4.0,2,0
1787233746.314,80.493,265.8,64.74,99,41,89,577.4,714.1,240.4,66.60,99,24,78,643.8,808.3,242.6,64.75,99,43,89,642.9,817.4,216.4,69.73,99,33,80,551.6,612.7,4.0,2,0
1787233746.760,80.939,266.0,64.74,99,41,89,584.5,773.1,240.4,66.60,99,24,79,638.6,800.4,242.7,64.75,99,43,89,644.5,794.8,216.6,69.73,99,33,80,551.4,607.0,4.0,2,0
1787233747.204,81.383,266.5,64.74,99,41,89,604.2,762.3,240.5,66.60,99,24,79,595.7,806.9,242.7,64.75,99,43,89,649.9,735.0,216.8,69.73,99,33,80,645.8,620.9,4.0,2,0
1787233747.654,81.832,266.5,64.74,99,41,89,579.5,784.3,240.5,66.60,99,24,79,640.9,781.4,242.8,64.75,99,43,89,639.3,825.9,216.8,69.73,99,33,80,572.0,619.2,4.0,2,0
1787233748.097,82.275,266.6,64.74,99,41,89,586.4,771.5,240.9,66.60,99,24,79,603.3,938.6,242.8,64.75,99,43,89,642.4,740.4,216.9,69.73,99,33,80,607.3,610.2,4.0,2,0
1787233748.542,82.720,266.4,64.74,99,41,89,630.5,766.2,241.1,66.60,99,24,79,602.3,828.0,242.9,64.75,99,43,89,636.6,725.7,216.9,69.73,99,33,80,604.0,632.8,4.0,2,0
1787233748.987,83.165,266.4,64.74,99,41,89,633.3,793.1,241.1,66.60,99,24,79,597.5,823.9,242.7,64.75,99,43,89,639.0,732.2,216.9,69.73,99,33,80,600.8,563.6,4.0,2,0
1787233749.430,83.608,266.2,64.74,99,41,89,625.6,726.0,241.0,66.60,99,24,79,640.5,848.9,242.5,64.75,99,43,89,589.9,808.5,217.0,69.73,99,33,80,554.8,616.6,4.0,2,0
1787233749.873,84.051,266.0,64.74,99,41,89,581.5,766.8,241.1,66.60,99,23,79,642.0,816.4,242.4,64.75,99,43,89,637.8,807.1,217.1,69.73,99,33,80,723.2,571.5,4.0,2,0
1787233750.321,84.499,266.1,64.74,99,41,89,630.5,863.5,241.3,66.60,99,23,79,646.9,809.1,242.3,64.75,99,43,89,579.6,816.8,216.9,69.73,99,33,80,554.6,616.4,5.0,2,0
1787233750.767,84.946,266.3,64.74,99,41,89,631.4,705.8,241.3,66.60,99,23,79,648.1,815.0,242.3,64.75,99,43,89,582.3,827.1,216.8,69.73,99,33,80,601.3,581.2,5.0,2,0
1787233751.214,85.393,266.2,64.74,99,41,89,633.2,714.1,241.3,66.60,99,24,79,646.8,820.8,242.5,64.75,99,43,89,619.3,791.4,217.1,69.73,99,33,80,619.8,566.9,5.0,2,0
1787233751.661,85.839,266.2,64.74,99,41,89,628.5,717.2,241.3,66.60,99,23,79,641.0,839.8,242.4,64.75,99,43,89,583.1,829.5,217.1,69.73,99,33,80,600.3,570.5,5.0,2,0
1787233752.112,86.290,266.0,64.74,99,41,89,583.1,747.7,241.4,66.60,99,23,79,599.9,833.1,242.1,64.75,99,43,89,639.3,732.7,216.9,69.73,99,33,80,614.8,614.6,5.0,2,0
1787233752.556,86.734,265.7,64.74,99,41,89,633.2,763.5,241.4,66.60,99,23,79,597.1,841.8,242.1,64.75,99,43,89,641.2,704.7,216.9,69.73,99,33,80,602.3,570.3,5.0,2,0
1787233752.999,87.177,265.7,64.74,99,41,89,730.6,759.4,241.4,66.60,99,24,79,603.5,838.3,241.9,64.75,99,43,89,663.8,740.5,216.8,69.73,99,33,80,607.5,620.7,5.0,2,0
1787233753.448,87.626,265.8,64.74,99,41,89,630.1,774.0,241.4,66.60,99,24,79,594.4,821.8,241.7,64.75,99,43,88,641.0,736.5,216.9,69.73,99,33,80,605.3,616.3,5.0,2,0
1787233753.893,88.071,265.8,64.74,99,41,89,630.5,766.2,241.5,66.60,99,24,79,597.1,838.7,241.7,64.75,99,43,88,633.9,730.4,216.9,69.73,99,33,80,602.8,637.9,5.0,2,0
1787233754.338,88.516,265.5,64.74,99,41,89,653.6,861.8,241.6,66.60,99,24,79,602.1,832.3,241.8,64.75,99,43,88,642.7,748.2,217.0,69.73,99,33,81,604.9,570.9,5.0,2,0
1787233754.781,88.960,265.4,64.74,99,41,89,626.7,726.6,241.6,66.60,99,24,79,647.1,801.5,241.7,64.75,99,43,88,639.2,818.0,216.9,69.73,99,33,81,555.3,759.1,5.0,2,0
1787233755.230,89.409,265.2,64.74,99,41,89,630.6,755.4,241.4,66.60,99,23,79,600.8,858.1,241.7,64.75,99,43,88,636.2,874.6,217.0,69.73,99,33,81,606.2,608.2,5.0,2,0
1787233755.675,89.853,265.1,64.74,99,41,89,629.5,762.2,241.2,66.60,99,23,79,596.3,836.9,241.5,64.75,99,43,88,619.0,732.5,217.0,69.73,99,33,81,607.8,569.1,5.0,2,0
1787233756.119,90.297,265.0,64.74,99,41,89,628.0,721.4,241.4,66.60,99,23,79,601.0,824.1,241.4,64.75,99,43,88,586.5,811.9,217.0,69.73,99,33,81,604.9,581.7,5.0,2,0
1787233756.563,90.741,264.4,64.74,99,38,89,2.7,0.4,241.3,66.60,99,23,79,1.7,0.9,241.4,64.75,99,43,88,0.6,3235.5,217.0,69.73,99,33,81,10955.9,40783.9,2.0,0,0
1787233757.279,91.457,230.0,64.74,99,38,89,651.4,765.4,213.4,66.60,75,10,79,595.6,798.1,203.6,64.75,58,20,87,632.5,738.2,180.5,69.73,47,13,80,605.6,622.4,4.0,2,0
1787233757.722,91.900,225.1,64.74,99,42,89,633.5,690.8,201.5,66.60,97,21,79,643.1,800.6,204.2,64.75,99,43,88,576.1,814.6,193.6,69.73,99,33,81,603.1,580.0,4.0,2,0
1787233758.164,92.342,256.5,64.74,99,42,89,581.7,774.2,230.1,66.60,99,24,80,642.6,794.9,237.2,64.75,99,43,88,641.2,718.4,217.7,69.73,99,33,81,548.7,629.5,4.0,2,0
1787233758.606,92.784,265.7,64.74,99,42,89,626.3,742.1,241.9,66.60,99,24,80,592.8,839.3,237.2,64.75,99,43,88,587.5,741.1,218.7,69.73,99,33,81,604.7,571.5,4.0,2,0
1787233759.047,93.226,265.7,64.74,99,41,89,634.1,725.0,243.4,66.60,99,24,80,653.1,831.6,241.9,64.75,99,43,88,585.8,808.5,218.7,69.73,99,33,81,551.6,613.4,4.0,2,0
1787233759.491,93.669,265.7,64.74,99,41,89,577.4,774.3,243.0,66.60,99,24,80,638.4,772.8,241.7,64.75,99,43,88,635.5,744.2,218.6,69.73,99,33,81,603.8,606.6,4.0,2,0
1787233759.934,94.113,265.7,64.74,99,41,89,626.5,742.9,242.9,66.60,99,24,80,586.6,798.6,241.4,64.75,99,43,88,642.9,816.3,218.6,69.73,99,33,81,555.6,612.5,4.0,2,0
1787233760.382,94.560,265.9,64.74,99,41,89,584.2,747.7,243.0,66.60,99,24,80,588.3,819.4,241.2,64.75,99,43,88,638.4,723.2,218.7,69.73,99,33,81,602.0,616.9,4.0,2,0
1787233760.827,95.006,265.7,64.74,99,41,89,626.9,750.9,243.1,66.60,99,24,80,590.9,821.4,241.1,64.75,99,43,88,638.2,729.2,218.9,69.73,99,33,81,614.8,646.7,4.0,2,0
1787233761.274,95.452,265.7,64.74,99,42,89,629.6,736.6,243.1,66.60,99,24,80,591.2,801.7,241.5,64.75,99,43,88,635.9,719.3,219.1,69.73,99,33,81,603.9,616.9,4.0,2,0
1787233761.717,95.896,266.1,64.74,99,42,89,628.7,740.8,243.2,66.60,99,24,80,642.8,826.3,241.7,64.75,99,43,88,582.0,797.8,219.2,69.73,99,33,81,554.1,571.0,4.0,2,0
1787233762.159,96.337,265.8,64.74,99,41,89,579.0,767.8,243.4,66.60,99,24,80,635.7,804.0,241.5,64.75,99,43,88,642.8,804.3,218.9,69.73,99,33,81,555.0,642.6,4.0,2,0
1787233762.601,96.779,265.3,64.74,99,41,89,630.7,758.7,243.3,66.60,99,24,80,591.0,825.6,241.5,64.75,99,43,88,581.9,733.9,218.9,69.73,99,33,81,605.5,568.3,4.0,2,0
1787233763.043,97.222,265.1,64.74,99,41,89,638.2,750.5,243.3,66.60,99,24,80,642.3,795.2,241.2,64.75,99,43,88,645.2,808.0,218.9,69.73,99,33,81,551.9,615.6,4.0,2,0
1787233763.497,97.676,265.1,64.74,99,41,89,580.3,752.5,243.7,66.60,99,24,80,591.4,815.6,241.0,64.75,99,43,88,640.7,719.3,219.0,69.73,99,33,81,606.5,622.0,4.0,2,0
1787233763.940,98.118,265.2,64.74,99,41,89,626.3,738.9,243.6,66.60,99,24,80,589.1,821.7,241.1,64.75,99,43,88,588.3,759.6,218.8,69.73,99,33,81,608.4,680.1,5.0,2,0
1787233764.388,98.566,265.1,64.74,99,42,89,628.4,752.9,244.0,66.60,99,24,80,592.3,823.0,241.4,64.75,99,43,88,579.2,733.7,219.2,69.73,99,33,81,610.2,573.5,5.0,2,0
1787233764.832,99.010,265.2,64.74,99,42,89,625.7,695.9,244.4,66.60,99,24,80,637.7,792.2,241.3,64.75,99,43,88,580.3,791.4,219.2,69.73,99,33,81,601.1,575.2,5.0,2,0
1787233765.274,99.453,265.5,64.74,99,42,89,590.9,826.3,244.4,66.60,99,24,80,641.3,825.8,241.3,64.75,99,43,88,602.4,788.0,219.5,69.73,99,33,81,601.5,569.2,5.0,2,0
1787233765.722,99.900,265.0,64.74,99,41,89,578.9,726.2,244.5,66.60,99,24,80,645.0,768.7,240.9,64.75,99,43,88,640.8,805.6,219.3,69.73,99,33,81,555.0,617.6,5.0,2,0
1787233766.166,100.344,264.8,64.74,99,41,89,584.5,770.8,244.2,66.60,99,24,80,640.8,780.6,240.5,64.75,99,43,88,639.3,905.2,219.0,69.73,99,33,81,722.4,576.0,5.0,2,0
1787233766.617,100.796,264.8,64.74,99,41,89,635.0,713.6,243.9,66.60,99,23,80,646.3,830.8,240.3,64.75,99,43,88,583.4,794.7,219.2,69.73,99,33,81,609.7,565.6,5.0,2,0
1787233767.063,101.241,264.7,64.74,99,41,89,649.0,703.8,243.8,66.60,99,24,80,642.8,826.0,240.3,64.75,99,43,88,646.2,788.3,219.2,69.73,99,33,81,551.3,619.0,5.0,2,0
1787233767.515,101.693,264.7,64.74,99,41,89,580.5,749.8,243.8,66.60,99,24,80,593.3,818.6,240.3,64.75,99,43,88,635.8,728.9,219.5,69.73,99,33,81,600.6,622.5,5.0,2,0
1787233767.957,102.136,264.9,64.74,99,42,89,630.3,705.2,244.2,66.60,99,24,80,674.8,822.2,240.6,64.75,99,43,88,646.1,817.9,219.8,69.73,99,33,81,567.0,623.4,5.0,2,0
1787233768.409,102.588,265.2,64.74,99,42,89,576.1,749.2,244.6,66.60,99,24,81,646.8,811.9,240.7,64.75,99,43,88,633.3,792.5,220.1,69.73,99,33,81,551.9,622.5,5.0,2,0
1787233768.853,103.031,265.2,64.74,99,41,89,632.1,762.1,244.5,66.60,99,24,81,590.8,817.2,240.7,64.75,99,43,88,641.5,739.1,220.2,69.73,99,33,81,604.7,707.5,5.0,2,0
1787233769.304,103.483,264.9,64.74,99,41,89,631.4,721.4,244.5,66.60,99,24,81,643.1,797.6,240.3,64.75,99,43,88,642.4,801.0,219.9,69.73,99,33,81,552.8,620.2,5.0,2,0
1787233769.747,103.925,264.7,64.74,99,41,89,576.9,751.3,244.2,66.60,99,24,81,589.0,844.0,240.0,64.75,99,43,88,642.0,712.3,219.6,69.73,99,33,81,606.8,627.5,5.0,2,0
1787233770.187,104.365,264.9,64.74,99,41,89,375.0,465.7,244.3,66.60,99,24,81,30.4,1.0,239.8,64.75,99,41,88,1.1,2.4,218.9,69.73,99,32,81,2.8,0.5,0.0,0,0
1787233770.673,104.851,235.6,64.74,78,12,88,377.7,499.6,238.7,66.60,53,13,78,378.4,556.2,210.3,64.75,100,18,87,382.6,16775.0,188.5,69.73,99,32,81,5290.7,6342.3,2.0,0,0
1787233771.122,105.300,218.2,64.74,59,20,88,633.1,733.1,212.6,66.60,99,23,80,651.4,819.8,201.1,64.75,99,42,87,613.1,758.0,183.2,69.73,99,32,81,606.5,649.6,4.0,2,0
1787233771.567,105.745,240.3,64.74,99,41,89,639.7,747.7,205.1,66.60,99,23,80,650.0,813.8,201.1,64.75,99,42,87,580.3,831.0,183.2,69.73,99,32,81,608.3,558.1,4.0,2,0
1787233772.009,106.187,240.3,64.74,99,41,89,644.6,746.4,234.2,66.60,99,23,81,650.0,798.8,225.9,64.75,99,43,87,644.3,802.7,209.7,69.73,99,33,81,555.3,620.7,4.0,2,0
1787233772.460,106.638,262.2,64.74,99,41,89,633.5,757.0,242.7,66.60,99,23,81,593.8,834.9,237.6,64.75,99,43,87,644.9,738.8,218.5,69.73,99,33,82,609.0,611.4,4.0,2,0
1787233772.901,107.079,263.2,64.74,99,41,89,639.7,784.0,243.2,66.60,99,23,81,597.6,819.1,238.4,64.75,99,43,87,580.9,846.6,218.6,69.73,99,33,82,612.8,620.6,4.0,2,0
1787233773.350,107.528,263.3,64.74,99,41,89,585.9,768.9,243.6,66.60,99,23,81,593.7,805.5,238.6,64.75,99,43,87,641.0,720.0,218.8,69.73,99,33,82,605.3,625.1,4.0,2,0
1787233773.795,107.973,263.9,64.74,99,41,89,583.2,753.4,243.6,66.60,99,23,81,585.2,818.9,238.7,64.75,99,43,87,638.9,715.6,218.9,69.73,99,33,82,603.5,615.8,4.0,2,0
1787233774.236,108.414,264.2,64.74,99,41,89,632.5,752.2,243.9,66.60,99,23,81,601.5,834.7,239.0,64.75,99,43,87,641.5,739.2,219.2,69.73,99,33,82,632.3,623.3,4.0,2,0
1787233774.682,108.860,263.9,64.74,99,41,89,638.4,758.5,244.0,66.60,99,23,81,589.2,829.0,239.2,64.75,99,43,87,641.3,758.2,219.2,69.73,99,33,82,608.2,556.9,4.0,2,0
1787233775.125,109.303,263.8,64.74,99,41,89,633.8,717.7,243.9,66.60,99,23,81,649.5,820.9,239.2,64.75,99,42,87,585.2,813.0,219.0,69.73,99,33,82,610.5,563.1,4.0,2,0
1787233775.569,109.747,264.1,64.74,99,41,89,634.0,722.3,243.6,66.60,99,23,81,651.2,827.2,239.2,64.75,99,42,87,587.6,828.9,219.0,69.73,99,33,82,606.6,572.0,4.0,2,0
1787233776.020,110.199,264.1,64.74,99,41,89,577.3,749.2,243.5,66.60,99,23,81,650.6,839.3,239.1,64.75,99,43,87,590.3,805.5,218.8,69.73,99,33,82,602.0,562.8,4.0,2,0
1787233776.468,110.647,263.8,64.74,99,41,89,586.6,751.9,243.5,66.60,99,23,81,640.4,809.2,238.8,64.75,99,42,87,644.1,823.6,218.7,69.73,99,33,82,554.9,609.8,4.0,2,0
1787233776.914,111.092,263.5,64.74,99,41,89,631.5,731.7,243.3,66.60,99,23,81,646.4,801.0,238.4,64.75,99,42,87,592.0,806.4,218.6,69.73,99,33,82,585.1,616.8,4.0,2,0
1787233777.360,111.539,263.3,64.74,99,41,89,633.6,768.0,243.1,66.60,99,23,81,589.0,838.4,238.1,64.75,99,43,87,587.9,777.3,218.6,69.73,99,33,82,604.5,566.3,4.0,2,0
1787233777.806,111.984,263.4,64.74,99,41,89,633.9,737.6,243.1,66.60,99,23,81,654.1,847.4,238.0,64.75,99,42,87,588.4,830.1,218.6,69.73,99,33,82,604.5,565.3,5.0,2,0
1787233778.249,112.427,263.5,64.74,99,41,89,631.7,885.0,243.1,66.60,99,23,81,762.8,780.1,238.2,64.75,99,43,87,639.8,976.2,218.8,69.73,99,33,82,553.7,618.5,5.0,2,0
1787233778.701,112.879,263.7,64.74,99,41,89,584.0,770.5,243.3,66.60,99,23,81,595.2,816.4,238.4,64.75,99,43,87,638.2,740.4,219.4,69.73,99,33,82,608.9,613.7,5.0,2,0
1787233779.143,113.322,263.9,64.74,99,41,89,634.7,773.7,243.7,66.60,99,23,81,598.3,824.6,238.7,64.75,99,43,87,638.9,749.5,219.7,69.73,99,33,82,679.3,672.3,5.0,2,0
1787233779.591,113.770,263.9,64.74,99,41,89,588.3,760.5,243.8,66.60,99,23,81,647.0,787.5,238.7,64.75,99,43,87,646.2,768.0,219.4,69.73,99,33,82,552.1,617.6,5.0,2,0
1787233780.037,114.216,263.7,64.74,99,41,89,588.0,783.6,243.6,66.60,99,23,81,647.3,799.9,238.5,64.75,99,42,87,637.4,798.9,219.4,69.73,99,33,82,550.8,611.2,5.0,2,0
1787233780.481,114.659,263.7,64.74,99,41,89,591.3,783.9,243.4,66.60,99,23,81,638.2,801.6,238.4,64.75,99,42,87,640.9,725.1,219.2,69.73,99,33,82,557.6,614.2,5.0,2,0
1787233780.925,115.103,263.4,64.74,99,41,89,578.5,771.0,243.6,66.60,99,23,81,600.4,808.8,238.2,64.75,99,42,87,636.4,852.8,219.2,69.73,99,33,82,714.4,624.4,5.0,2,0
1787233781.381,115.559,263.3,64.74,99,41,89,637.2,754.9,243.9,66.60,99,23,81,655.4,822.5,238.2,64.75,99,43,87,642.9,787.8,219.1,69.73,99,33,82,552.2,626.3,5.0,2,0
1787233781.826,116.005,263.3,64.74,99,41,89,582.6,761.6,243.9,66.60,99,23,81,604.9,809.2,238.5,64.75,99,42,87,641.4,729.5,219.3,69.73,99,33,82,608.9,618.1,5.0,2,0
1787233782.268,116.447,263.2,64.74,99,41,89,686.8,812.8,243.9,66.60,99,23,81,641.4,773.9,238.6,64.75,99,43,87,641.7,970.0,219.3,69.73,99,33,82,549.6,623.3,5.0,2,0
1787233782.718,116.896,263.2,64.74,99,41,89,582.2,754.9,243.8,66.60,99,23,81,644.4,802.4,238.3,64.75,99,43,87,645.0,804.7,219.3,69.73,99,33,82,559.6,618.8,5.0,2,0
1787233783.159,117.337,263.5,64.74,99,41,89,654.6,763.4,243.8,66.60,99,23,81,590.0,863.0,237.8,64.75,99,42,87,643.6,745.7,219.2,69.73,99,33,82,606.6,608.5,5.0,2,0
1787233783.602,117.780,263.3,64.74,99,41,89,634.3,761.6,243.6,66.60,99,23,81,594.4,852.6,237.8,64.75,99,42,87,643.4,744.0,219.1,69.73,99,33,82,565.3,457.9,0.0,0,0
1787233784.339,118.517,257.4,64.74,57,22,88,348.4,509.9,217.7,66.60,78,13,81,382.5,563.7,219.9,64.75,25,6,86,376.5,6887.6,199.2,69.73,48,12,81,5304.7,6092.2,2.0,0,0
1787233784.783,118.962,232.4,64.74,99,34,88,590.2,735.4,217.7,66.60,78,13,81,637.0,790.6,207.8,64.75,100,15,87,640.0,811.6,184.9,69.73,72,22,81,552.4,624.2,4.0,2,0
1787233785.226,119.405,228.1,64.74,99,41,88,583.5,768.8,209.0,66.60,99,24,81,593.4,808.4,213.6,64.75,99,43,87,646.8,747.9,207.3,69.73,99,33,82,608.8,746.1,4.0,2,0
1787233785.669,119.847,254.7,64.74,99,41,88,634.1,714.7,232.9,66.60,99,24,81,592.3,831.6,232.9,64.75,99,43,87,584.5,818.9,218.0,69.73,99,33,82,601.9,570.8,4.0,2,0
1787233786.112,120.290,264.2,64.74,99,42,88,638.0,732.5,245.6,66.60,99,24,81,635.4,814.2,239.4,64.75,99,43,87,642.6,785.9,221.4,69.73,99,33,82,550.6,608.0,4.0,2,0
1787233786.558,120.736,264.6,64.74,99,41,88,579.5,774.5,246.2,66.60,99,24,81,642.1,791.8,239.4,64.75,99,43,87,645.8,830.9,221.4,69.73,99,33,82,550.5,618.4,4.0,2,0
1787233787.003,121.181,264.6,64.74,99,41,88,609.6,792.5,246.1,66.60,99,24,81,647.6,797.5,239.5,64.75,99,43,87,666.7,806.9,221.5,69.73,99,33,82,554.6,618.4,4.0,2,0
1787233787.447,121.625,264.3,64.74,99,41,88,587.4,754.8,246.2,66.60,99,24,81,594.2,824.2,239.4,64.75,99,43,87,651.3,759.9,221.6,69.73,99,33,82,601.4,617.9,4.0,2,0
1787233787.891,122.070,263.9,64.74,99,41,88,635.2,777.0,246.4,66.60,99,24,81,592.4,829.2,239.5,64.75,99,43,87,643.2,772.1,221.5,69.73,99,33,82,611.7,648.7,4.0,2,0
1787233788.335,122.513,264.1,64.74,99,42,89,629.8,731.1,246.6,66.60,99,24,81,642.8,803.1,239.8,64.75,99,43,87,586.7,829.4,221.7,69.73,99,33,82,605.9,571.3,4.0,2,0
1787233788.778,122.956,264.7,64.74,99,41,89,583.0,767.4,246.6,66.60,99,24,81,641.9,793.1,240.1,64.75,99,43,87,639.9,806.0,221.8,69.73,99,33,82,548.8,605.5,4.0,2,0
1787233789.221,123.399,264.8,64.74,99,42,89,580.5,758.0,246.8,66.60,99,24,81,607.9,782.6,240.1,64.75,99,43,87,635.9,736.3,221.8,69.73,99,33,82,603.7,618.6,4.0,2,0
1787233789.664,123.842,264.5,64.74,99,41,89,634.7,757.0,246.8,66.60,99,24,82,594.3,823.9,239.8,64.75,99,43,87,584.9,753.0,221.9,69.73,99,33,82,603.8,571.6,4.0,2,0
1787233790.107,124.285,264.3,64.74,99,41,89,630.9,743.8,246.7,66.60,99,24,82,639.3,856.1,239.8,64.75,99,43,87,584.4,942.6,221.5,69.73,99,33,82,603.0,576.8,4.0,2,0
1787233790.551,124.729,264.1,64.74,99,41,89,578.8,771.8,246.4,66.60,99,24,81,643.4,778.5,239.4,64.75,99,43,87,639.9,810.6,221.5,69.73,99,33,82,551.7,615.5,4.0,2,0
1787233790.993,125.171,264.1,64.74,99,41,89,591.4,772.5,246.2,66.60,99,24,82,686.9,946.1,238.7,64.75,99,43,87,624.4,736.7,220.9,69.73,99,33,82,603.6,561.4,4.0,2,0
1787233791.445,125.623,264.3,64.74,99,41,89,628.3,755.7,246.5,66.60,99,24,82,645.6,783.4,238.7,64.75,99,43,87,643.8,826.7,220.8,69.73,99,33,82,553.1,663.2,5.0,2,0
1787233791.889,126.067,264.3,64.74,99,41,88,580.3,765.5,246.6,66.60,99,24,82,643.0,789.3,239.0,64.75,99,43,87,645.2,814.7,221.1,69.73,99,33,82,559.0,625.4,5.0,2,0
1787233792.331,126.509,264.4,64.74,99,41,89,629.5,759.3,246.8,66.60,99,24,82,593.5,830.8,239.1,64.75,99,43,87,641.1,744.3,221.4,69.73,99,33,82,608.0,594.5,5.0,2,0
1787233792.772,126.951,264.6,64.74,99,42,89,631.2,742.6,246.8,66.60,99,24,82,645.6,830.0,239.3,64.75,99,43,87,591.5,801.5,221.5,69.73,99,33,82,551.8,613.5,5.0,2,0
1787233793.213,127.391,264.4,64.74,99,41,88,584.1,787.6,247.2,66.60,99,24,82,641.6,800.3,239.4,64.75,99,43,87,660.9,792.5,221.5,69.73,99,33,82,552.2,624.9,5.0,2,0
1787233793.656,127.835,264.2,64.74,99,41,89,628.8,769.9,247.1,66.60,99,24,82,598.7,813.5,239.0,64.75,99,43,87,640.9,724.8,221.5,69.73,99,33,82,610.1,616.3,5.0,2,0
1787233794.103,128.282,264.0,64.74,99,41,88,583.8,772.1,247.0,66.60,99,23,82,596.4,819.7,239.0,64.75,99,43,87,640.1,738.4,221.1,69.73,99,33,82,609.4,625.2,5.0,2,0
1787233794.547,128.725,263.8,64.74,99,41,88,628.9,761.8,246.8,66.60,99,24,82,598.0,843.4,238.6,64.75,99,43,87,640.0,758.9,221.1,69.73,99,33,82,607.8,564.6,5.0,2,0
1787233794.989,129.167,263.8,64.74,99,41,88,633.6,742.2,247.0,66.60,99,24,82,671.3,815.2,238.8,64.75,99,43,87,595.0,804.2,221.3,69.73,99,33,83,602.1,566.1,5.0,2,0
1787233795.435,129.614,264.0,64.74,99,42,88,627.8,737.7,247.3,66.60,99,24,82,642.4,836.4,239.0,64.75,99,43,87,587.6,819.0,221.6,69.73,99,33,82,553.2,562.6,5.0,2,0
1787233795.880,130.058,264.0,64.74,99,42,89,628.9,744.0,247.5,66.60,99,24,82,645.7,771.0,239.1,64.75,99,43,87,641.5,818.6,221.4,69.73,99,33,83,655.9,568.8,5.0,2,0
1787233796.327,130.506,264.0,64.74,99,41,88,633.5,765.4,247.4,66.60,99,24,82,642.3,818.4,239.1,64.75,99,43,87,584.2,810.9,221.2,69.73,99,33,83,549.9,616.8,5.0,2,0
1787233796.769,130.947,264.0,64.74,99,41,88,582.9,774.2,247.4,66.60,99,24,82,641.4,782.5,238.9,64.75,99,43,87,641.7,730.4,221.2,69.73,99,33,83,602.2,612.1,5.0,2,0
1787233797.210,131.389,264.0,64.74,99,41,88,633.1,745.8,247.2,66.60,99,24,82,589.0,845.9,238.6,64.75,99,43,87,656.9,752.7,221.3,69.73,99,33,83,606.5,615.8,5.0,2,0
1787233797.659,131.838,263.8,64.74,99,40,88,117.5,0.5,247.1,66.60,99,24,82,1.6,5.5,237.5,64.75,99,39,86,0.6,3.2,218.2,69.73,74,24,82,8682.4,36986.4,2.0,0,0
1787233798.389,132.568,236.7,64.74,97,20,88,656.1,723.9,216.9,66.60,49,10,81,645.7,819.5,214.8,64.75,99,39,86,590.3,799.9,195.3,69.73,97,21,82,552.7,615.8,4.0,2,0
1787233798.834,133.013,226.4,64.74,99,41,88,633.2,756.0,225.6,66.60,99,24,82,639.9,778.7,207.0,64.75,99,43,87,590.7,826.1,192.9,69.73,99,33,82,551.5,622.7,4.0,2,0
1787233799.277,133.456,249.7,64.74,99,41,88,584.8,782.3,225.6,66.60,99,24,82,645.1,788.7,229.3,64.75,99,43,87,643.6,818.5,215.3,69.73,99,33,83,553.4,625.1,4.0,2,0
1787233799.722,133.901,262.8,64.74,99,41,88,582.5,802.3,243.9,66.60,99,24,82,645.2,807.3,237.9,64.75,99,43,87,635.9,818.6,221.4,69.73,99,33,83,558.1,624.7,4.0,2,0
1787233800.167,134.346,263.3,64.74,99,41,88,585.8,762.2,246.9,66.60,99,24,82,594.2,824.5,237.6,64.75,99,42,87,645.0,736.0,221.4,69.73,99,33,83,584.6,619.9,4.0,2,0
1787233800.614,134.793,262.9,64.74,99,41,88,586.2,748.0,246.8,66.60,99,23,82,640.4,799.8,237.5,64.75,99,43,87,642.8,747.5,221.2,69.73,99,33,83,554.2,613.5,4.0,2,0
1787233801.058,135.236,262.8,64.74,99,41,88,614.7,831.6,246.6,66.60,99,23,82,645.1,838.4,237.5,64.75,99,43,87,591.1,799.2,221.2,69.73,99,33,83,599.5,563.0,4.0,2,0
1787233801.508,135.687,262.8,64.74,99,41,88,631.1,747.1,246.8,66.60,99,24,82,639.1,770.4,237.7,64.75,99,43,87,639.8,807.6,221.2,69.73,99,33,83,552.5,611.9,4.0,2,0
1787233801.952,136.131,263.1,64.74,99,41,88,576.8,777.7,247.0,66.60,99,24,82,644.6,769.5,237.6,64.75,99,43,87,709.8,971.2,221.2,69.73,99,33,83,610.4,617.7,4.0,2,0
1787233802.403,136.581,262.9,64.74,99,41,88,630.5,718.8,247.2,66.60,99,24,82,650.9,829.5,237.8,64.75,99,43,87,583.3,786.3,221.6,69.73,99,33,83,614.2,573.3,4.0,2,0
1787233802.847,137.025,262.7,64.74,99,41,88,629.8,718.6,247.2,66.60,99,24,82,642.0,838.6,238.0,64.75,99,43,87,584.9,816.5,221.5,69.73,99,33,83,554.1,574.5,4.0,2,0
1787233803.290,137.469,262.8,64.74,99,41,88,636.6,725.7,247.2,66.60,99,24,82,647.1,826.7,238.2,64.75,99,43,87,579.8,946.2,221.7,69.73,99,33,83,553.9,577.3,4.0,2,0
1787233803.735,137.914,262.8,64.74,99,41,88,581.7,765.1,247.2,66.60,99,24,82,648.0,781.8,238.3,64.75,99,43,87,682.3,823.8,221.8,69.73,99,33,83,603.2,570.6,4.0,2,0
1787233804.182,138.360,262.7,64.74,99,41,88,584.6,730.8,247.3,66.60,99,23,82,645.4,790.1,238.1,64.75,99,43,87,642.2,844.3,221.5,69.73,99,33,83,554.7,617.3,4.0,2,0
1787233804.625,138.804,262.6,64.74,99,41,88,581.1,750.4,247.3,66.60,99,24,82,668.0,794.0,237.8,64.75,99,43,87,637.6,739.3,221.3,69.73,99,33,83,554.7,614.9,4.0,2,0
1787233805.068,139.246,262.7,64.74,99,41,88,595.2,787.7,247.1,66.60,99,23,82,656.4,791.0,237.8,64.75,99,43,87,642.0,813.2,221.3,69.73,99,33,83,555.3,618.5,5.0,2,0
1787233805.516,139.694,262.7,64.74,99,41,88,602.5,778.4,247.1,66.60,99,24,82,593.9,842.2,237.7,64.75,99,43,87,643.0,734.0,221.3,69.73,99,33,83,608.3,610.9,5.0,2,0
1787233805.959,140.137,263.0,64.74,99,41,88,632.9,769.7,247.2,66.60,99,24,82,654.3,875.7,237.7,64.75,99,43,87,647.7,736.9,221.4,69.73,99,33,83,639.4,619.1,5.0,2,0
1787233806.406,140.585,263.0,64.74,99,41,88,586.8,766.3,247.5,66.60,99,24,82,591.8,832.7,238.1,64.75,99,43,87,643.5,762.5,221.7,69.73,99,33,83,607.3,612.1,5.0,2,0
1787233806.851,141.029,262.9,64.74,99,41,88,629.7,764.7,247.5,66.60,99,24,82,599.5,834.2,238.0,64.75,99,43,87,641.4,741.0,222.0,69.73,99,33,83,605.8,606.9,5.0,2,0
1787233807.293,141.471,263.0,64.74,99,41,88,631.7,729.9,247.5,66.60,99,24,82,595.8,831.9,237.9,64.75,99,43,87,581.8,830.9,221.7,69.73,99,33,83,603.0,573.7,5.0,2,0
1787233807.737,141.916,262.5,64.74,99,41,88,631.2,738.1,247.1,66.60,99,24,82,651.0,848.5,237.5,64.75,99,43,87,582.1,808.5,221.2,69.73,99,33,83,606.3,606.3,5.0,2,0
1787233808.180,142.358,262.3,64.74,99,41,88,630.2,715.4,247.0,66.60,99,24,82,645.6,810.5,237.4,64.75,99,43,87,587.9,812.1,221.5,69.73,99,33,83,576.0,569.4,5.0,2,0
1787233808.626,142.805,262.4,64.74,99,41,88,631.9,721.4,246.9,66.60,99,24,82,639.0,810.1,237.9,64.75,99,43,87,585.4,819.0,221.6,69.73,99,33,83,605.2,562.9,5.0,2,0
1787233809.068,143.247,262.6,64.74,99,41,88,582.9,772.8,247.1,66.60,99,24,82,637.9,785.1,237.9,64.75,99,43,87,588.9,836.5,221.6,69.73,99,33,83,551.9,618.2,5.0,2,0
1787233809.511,143.690,262.6,64.74,99,41,88,586.3,765.4,247.4,66.60,99,24,82,644.7,785.5,238.0,64.75,99,43,87,644.1,736.0,221.8,69.73,99,33,83,609.2,615.9,5.0,2,0
1787233809.954,144.133,263.0,64.74,99,41,88,584.8,756.4,247.5,66.60,99,23,82,592.0,828.1,238.0,64.75,99,43,87,672.3,821.6,221.8,69.73,99,33,83,613.4,576.8,5.0,2,0
1787233810.406,144.585,262.7,64.74,99,41,88,652.7,731.4,247.1,66.60,99,24,82,643.3,849.0,237.6,64.75,99,43,87,590.3,815.1,221.3,69.73,99,33,83,552.8,623.0,5.0,2,0
1787233810.849,145.028,262.3,64.74,99,41,88,584.1,805.0,247.1,66.60,99,23,82,643.8,793.8,237.1,64.75,99,43,87,642.3,822.0,221.3,69.73,99,33,83,553.0,619.8,5.0,2,0
1787233811.293,145.471,262.2,64.74,99,41,88,391.6,0.6,247.1,66.60,99,23,82,1.8,1.9,237.1,64.75,99,43,87,2.4,1.3,221.1,69.73,99,33,83,1.9,0.4,0.0,0,0
