timestamp,elapsed_s,gpu0_power_w,gpu0_mem_used_gb,gpu0_util_pct,gpu0_mem_bw_util_pct,gpu0_temp_c,gpu0_pcie_tx_mb_s,gpu0_pcie_rx_mb_s,gpu1_power_w,gpu1_mem_used_gb,gpu1_util_pct,gpu1_mem_bw_util_pct,gpu1_temp_c,gpu1_pcie_tx_mb_s,gpu1_pcie_rx_mb_s,gpu2_power_w,gpu2_mem_used_gb,gpu2_util_pct,gpu2_mem_bw_util_pct,gpu2_temp_c,gpu2_pcie_tx_mb_s,gpu2_pcie_rx_mb_s,gpu3_power_w,gpu3_mem_used_gb,gpu3_util_pct,gpu3_mem_bw_util_pct,gpu3_temp_c,gpu3_pcie_tx_mb_s,gpu3_pcie_rx_mb_s,kv_cache_pct,requests_running,requests_waiting
1774524356.102,0.000,157.1,81.61,0,0,85,5.4,0.6,141.3,81.65,0,0,76,0.5,0.5,132.6,81.61,0,0,83,0.5,2.2,138.2,81.61,0,0,78,2.1,0.4,0.0,0,0
1774524356.529,0.428,125.4,81.61,0,0,85,0.5,0.4,115.7,81.65,0,0,76,0.5,0.5,103.0,81.61,0,0,83,1.5,0.4,125.0,81.61,0,0,78,0.5,0.4,0.0,0,0
1774524356.952,0.850,125.4,81.61,0,0,85,1.1,3.8,115.7,81.65,0,0,76,2.2,2.0,103.0,81.61,0,0,83,0.5,0.5,125.0,81.61,0,0,78,1.5,0.5,0.0,0,0
1774524357.385,1.284,100.5,81.61,0,0,84,1.5,0.4,100.9,81.65,0,0,75,0.5,0.4,99.1,81.61,0,0,83,0.5,0.4,104.2,81.61,0,0,78,0.5,0.5,0.0,0,0
1774524357.806,1.705,100.5,81.61,0,0,84,0.5,0.5,100.9,81.65,0,0,75,0.6,0.4,99.1,81.61,0,0,83,0.5,0.5,104.2,81.61,0,0,78,0.5,3.9,0.0,0,0
1774524358.228,2.127,100.0,81.61,0,0,84,0.5,0.4,100.9,81.65,0,0,75,0.5,0.5,96.1,81.61,0,0,82,1.5,0.4,104.2,81.61,0,0,78,1.1,0.4,0.0,0,0
1774524358.650,2.549,100.0,81.61,0,0,84,0.5,0.5,98.0,81.65,0,0,75,0.5,0.4,96.1,81.61,0,0,82,0.5,1.2,103.0,81.61,0,0,77,5.2,0.5,0.0,0,0
1774524359.072,2.971,100.0,81.61,0,0,84,4.7,0.7,98.0,81.65,0,0,75,2.1,0.4,96.1,81.61,0,0,82,0.5,0.6,103.0,81.61,0,0,77,1.5,3.6,0.0,0,0
1774524359.494,3.392,99.8,81.61,0,0,83,0.5,0.5,94.9,81.65,0,0,74,0.5,0.4,92.8,81.61,0,0,82,0.5,0.5,101.6,81.61,0,0,77,0.5,0.4,0.0,0,0
1774524359.915,3.813,99.8,81.61,0,0,83,0.5,4.0,94.9,81.65,0,0,74,1.1,4.6,92.8,81.61,0,0,82,3.2,2.0,101.6,81.61,0,0,77,0.5,0.4,0.0,0,0
1774524360.340,4.238,99.2,81.61,0,0,83,0.5,0.4,94.4,81.65,0,0,74,1.5,0.4,91.6,81.61,0,0,81,0.5,0.4,101.4,81.61,0,0,76,0.5,0.5,0.0,0,0
1774524360.761,4.660,99.2,81.61,0,0,83,0.5,0.9,94.4,81.65,0,0,74,0.5,0.5,91.6,81.61,0,0,81,0.5,0.5,101.4,81.61,0,0,76,1.5,0.4,0.0,0,0
1774524361.183,5.081,98.7,81.61,0,0,82,3.2,1.2,94.4,81.65,0,0,74,1.5,2.1,91.6,81.61,0,0,81,0.5,0.5,101.4,81.61,0,0,76,0.5,0.5,0.0,0,0
1774524361.613,5.512,98.7,81.61,0,0,82,0.5,0.5,94.1,81.65,0,0,73,0.5,0.5,91.3,81.61,0,0,81,1.5,0.4,101.3,81.61,0,0,76,0.5,0.4,0.0,0,0
1774524362.034,5.933,98.7,81.61,0,0,82,0.5,0.4,94.1,81.65,0,0,73,1.5,0.4,91.3,81.61,0,0,81,0.5,0.5,101.3,81.61,0,0,76,0.5,0.6,0.0,0,0
1774524362.456,6.355,98.4,81.61,0,0,82,0.5,0.5,93.4,81.65,0,0,73,0.5,0.4,90.8,81.61,0,0,80,0.5,0.4,101.0,81.61,0,0,76,0.5,0.4,0.0,0,0
1774524362.878,6.776,98.4,81.61,0,0,82,1.5,0.4,93.4,81.65,0,0,73,0.5,3.6,90.8,81.61,0,0,80,3.9,3.7,101.0,81.61,0,0,76,2.2,2.0,0.0,0,0
1774524363.304,7.203,97.6,81.61,0,0,81,0.5,0.5,92.9,81.65,0,0,72,0.5,0.4,90.6,81.61,0,0,80,0.5,0.5,100.8,81.61,0,0,75,0.5,0.4,0.0,0,0
1774524363.725,7.624,97.6,81.61,0,0,81,0.5,0.4,92.9,81.65,0,0,72,0.5,4.3,90.6,81.61,0,0,80,1.5,0.5,100.8,81.61,0,0,75,1.0,0.4,0.0,0,0
1774524364.147,8.045,97.6,81.61,0,0,81,0.5,0.5,92.9,81.65,0,0,72,3.1,0.7,90.6,81.61,0,0,80,7.0,0.4,100.8,81.61,0,0,75,0.5,0.5,0.0,0,0
1774524364.576,8.474,97.3,81.61,0,0,81,1.5,0.5,92.7,81.65,0,0,72,0.5,0.4,90.4,81.61,0,0,79,0.5,0.4,100.7,81.61,0,0,75,1.5,0.5,0.0,0,0
1774524364.997,8.896,97.3,81.61,0,0,81,1.0,0.5,92.7,81.65,0,0,72,0.5,0.4,90.4,81.61,0,0,79,0.5,0.5,100.7,81.61,0,0,75,0.5,0.4,0.0,0,0
1774524365.424,9.322,96.1,81.61,0,0,81,0.5,0.5,92.3,81.65,0,0,72,0.5,0.5,90.1,81.61,0,0,79,1.5,0.4,100.4,81.61,0,0,74,0.5,0.5,0.0,0,0
1774524365.845,9.744,96.1,81.61,0,0,81,0.5,0.4,92.3,81.65,0,0,72,1.5,0.4,90.1,81.61,0,0,79,0.5,3.9,100.4,81.61,0,0,74,3.7,0.7,0.0,0,0
1774524366.270,10.168,96.0,81.61,0,0,80,0.5,0.5,92.3,81.65,0,0,72,0.5,0.5,90.0,81.61,0,0,79,0.5,0.5,100.3,81.61,0,0,74,1.5,0.4,0.0,0,0
1774524366.692,10.591,96.0,81.61,0,0,80,0.5,0.5,92.1,81.65,0,0,71,0.5,1.3,90.0,81.61,0,0,79,0.5,1.0,100.3,81.61,0,0,74,0.5,0.5,0.0,0,0
1774524367.114,11.013,96.0,81.61,0,0,80,0.5,0.5,92.1,81.65,0,0,71,0.5,0.7,90.0,81.61,0,0,79,3.2,2.1,100.3,81.61,0,0,74,0.5,0.5,0.0,0,0
1774524367.536,11.434,95.4,81.61,0,0,80,0.5,0.5,91.7,81.65,0,0,71,1.5,0.5,89.9,81.61,0,0,78,0.5,0.5,99.7,81.61,0,0,74,0.5,0.4,0.0,0,0
1774524367.957,11.856,95.4,81.61,0,0,80,1.0,4.8,91.7,81.65,0,0,71,2.1,2.0,89.9,81.61,0,0,78,0.5,0.4,99.7,81.61,0,0,74,1.5,0.5,0.0,0,0
1774524368.391,12.290,93.6,81.61,0,0,80,1.5,0.4,91.2,81.65,0,0,71,0.5,0.4,89.8,81.61,0,0,78,0.5,0.4,99.6,81.61,0,0,73,0.5,0.5,0.0,0,0
1774524368.812,12.711,93.6,81.61,0,0,80,4.5,0.4,91.2,81.65,0,0,71,0.5,0.5,89.8,81.61,0,0,78,0.5,0.5,99.6,81.61,0,0,73,0.5,3.9,0.0,0,0
1774524369.235,13.134,93.4,81.61,0,0,79,0.5,0.4,91.2,81.65,0,0,71,1.5,0.4,89.7,81.61,0,0,78,0.5,0.4,99.2,81.61,0,0,73,0.5,0.4,0.0,0,0
1774524369.656,13.555,93.4,81.61,0,0,79,0.5,0.5,91.0,81.65,0,0,70,0.5,0.4,89.7,81.61,0,0,78,0.5,0.5,99.2,81.61,0,0,73,0.5,0.5,0.0,0,0
1774524370.078,13.976,93.4,81.61,0,0,79,1.5,0.5,91.0,81.65,0,0,70,0.5,0.4,89.7,81.61,0,0,78,0.5,0.7,99.2,81.61,0,0,73,2.2,2.0,0.0,0,0
1774524370.508,14.407,92.8,81.61,0,0,79,0.5,0.4,90.9,81.65,0,0,70,0.5,0.4,89.6,81.61,0,0,77,0.5,0.5,98.3,81.61,0,0,73,0.5,0.4,0.0,0,0
1774524370.929,14.828,92.8,81.61,0,0,79,3.8,0.9,90.9,81.65,0,0,70,3.7,2.1,89.6,81.61,0,0,77,3.2,0.4,98.3,81.61,0,0,73,0.5,0.4,0.0,0,0
1774524371.352,15.250,91.3,81.61,0,0,79,0.5,0.6,90.8,81.65,0,0,70,1.5,0.4,89.6,81.61,0,0,77,0.5,0.5,98.2,81.61,0,0,72,0.5,0.5,0.0,0,0
1774524371.773,15.672,91.3,81.61,0,0,79,1.7,0.6,90.8,81.65,0,0,70,2.1,0.4,89.6,81.61,0,0,77,0.5,0.4,98.2,81.61,0,0,72,1.8,0.7,0.0,0,0
1774524372.202,16.100,75.7,81.61,0,0,77,0.6,2.5,90.8,81.65,0,0,70,0.8,0.5,89.6,81.61,0,0,77,1.2,0.6,98.2,81.61,0,0,72,1.2,5.7,0.0,0,0
1774524372.636,16.535,75.7,81.61,0,0,77,6774.8,4950.3,90.6,81.65,0,0,69,5686.3,5173.4,87.1,81.61,0,0,77,5664.5,5504.7,79.0,81.61,0,0,71,5604.8,4867.0,0.3,32,0
1774524373.066,16.964,72.6,81.61,98,16,81,8327.8,6967.6,103.8,81.65,99,38,72,5903.0,5155.5,101.4,81.61,99,30,80,7628.1,7208.0,103.2,81.61,99,38,75,7006.5,7404.8,0.4,64,0
1774524373.490,17.389,139.9,81.61,77,14,82,6517.6,7408.5,164.7,81.65,99,38,73,7310.0,5896.5,167.3,81.61,99,31,80,7611.6,7230.4,173.9,81.61,99,40,76,7151.6,5636.6,0.5,64,0
1774524373.916,17.815,245.2,81.61,100,35,82,6108.5,6990.6,255.3,81.65,100,41,73,6923.6,5257.8,253.3,81.61,100,33,80,7222.0,6304.0,254.7,81.61,100,42,75,7146.3,4812.7,0.5,64,0
1774524374.343,18.242,249.4,81.61,100,36,82,5887.2,6714.4,256.8,81.65,100,41,73,6805.6,5133.3,257.3,81.61,100,33,80,7407.3,6222.2,255.2,81.61,100,42,75,7185.7,4892.9,0.6,64,0
1774524374.772,18.670,252.4,81.61,100,36,82,6116.7,6397.9,256.8,81.65,100,41,73,5891.9,6097.6,251.7,81.61,100,33,81,7203.3,6241.4,250.1,81.61,100,43,76,7130.1,4934.2,0.6,64,0
1774524375.202,19.100,250.1,81.61,100,36,82,6025.5,6369.0,250.5,81.65,100,42,73,6034.4,6075.9,251.7,81.61,100,33,81,5992.6,7525.8,250.1,81.61,100,43,76,6965.2,4910.8,0.7,64,0
1774524375.627,19.525,250.1,81.61,100,36,82,7124.1,5346.8,250.0,81.65,100,41,73,6745.9,6132.1,250.1,81.61,100,33,81,6088.6,7562.0,250.0,81.61,100,43,76,5835.6,6656.2,0.7,64,0
1774524376.051,19.950,250.1,81.61,100,36,83,7019.8,5512.7,250.0,81.65,100,41,73,7052.1,5109.9,250.0,81.61,100,33,81,7356.5,7585.9,249.9,81.61,100,43,76,5921.6,6695.5,0.8,64,0
1774524376.477,20.376,250.1,81.61,100,37,83,5923.9,6678.5,250.0,81.65,100,41,73,6951.3,5138.3,250.0,81.61,100,33,81,7288.4,6267.7,249.9,81.61,100,42,76,7268.7,6714.5,0.8,64,0
1774524376.907,20.805,250.1,81.61,100,36,83,5865.9,7519.8,250.0,81.65,100,41,73,6950.1,4925.8,250.0,81.61,100,33,81,7325.3,8882.2,249.9,81.61,100,43,76,6081.8,6790.3,0.9,64,0
1774524377.347,21.245,250.0,81.61,100,36,83,5851.1,6403.1,250.0,81.65,100,42,73,6919.6,5216.7,249.9,81.61,100,33,81,7224.5,6247.2,250.0,81.61,100,44,76,7334.3,4888.1,0.9,64,0
1774524377.774,21.673,250.0,81.61,100,36,83,6029.3,6264.1,250.0,81.65,100,42,73,5921.4,6286.6,249.9,81.61,100,33,81,7105.1,6081.2,250.1,81.61,100,44,76,6992.9,5026.8,1.0,64,0
1774524378.200,22.098,250.1,81.61,100,36,83,7146.1,6345.5,250.0,81.65,100,42,73,5946.6,6106.4,249.9,81.61,100,33,81,6127.5,7242.7,250.1,81.61,100,44,76,5787.6,6677.8,1.1,64,0
1774524378.625,22.523,250.1,81.61,100,36,83,7193.4,5468.4,250.0,81.65,100,41,73,7200.5,6045.7,250.0,81.61,100,33,82,6295.4,7526.9,250.0,81.61,100,43,76,5915.3,6856.7,1.1,64,0
1774524379.051,22.950,250.1,81.61,100,36,83,6972.2,5426.9,250.0,81.65,100,41,73,6947.5,5139.4,250.0,81.61,100,33,82,7314.1,7428.7,250.0,81.61,100,43,76,5885.1,6707.4,1.1,64,0
1774524379.476,23.374,250.0,81.61,100,37,83,6854.3,5612.4,250.0,81.65,100,41,74,7021.9,5106.8,250.1,81.61,100,33,82,7330.4,6074.8,249.9,81.61,100,43,76,7207.0,6519.2,1.2,64,0
1774524379.902,23.800,250.0,81.61,100,37,83,5894.7,6591.0,250.0,81.65,100,41,74,6967.4,6007.0,250.0,81.61,100,33,82,7409.1,8517.4,249.9,81.61,100,43,76,5836.2,6720.1,1.3,64,0
1774524380.342,24.241,250.0,81.61,100,36,84,7210.7,5362.6,250.0,81.65,100,41,74,7095.0,5114.8,250.0,81.61,100,33,82,7323.3,7314.1,250.0,81.61,100,43,76,6157.1,6758.2,1.3,64,0
1774524380.770,24.669,250.0,81.61,100,36,84,6957.4,5352.2,250.0,81.65,100,41,74,7109.7,4939.7,250.0,81.61,100,33,82,7357.0,6891.1,250.0,81.61,100,43,77,5975.1,6739.7,1.3,64,0
1774524381.196,25.095,250.0,81.61,100,36,84,6935.5,5566.6,250.0,81.65,100,41,74,7229.4,5040.8,250.0,81.61,100,33,82,7346.3,6134.8,250.0,81.61,100,43,77,6275.0,6597.0,1.4,64,0
1774524381.622,25.521,250.0,81.61,100,36,84,5944.0,6560.0,250.0,81.65,100,41,74,6953.9,5069.1,249.9,81.61,100,33,82,7235.4,5985.0,250.0,81.61,100,43,77,7316.3,6649.8,1.5,64,0
1774524382.050,25.948,250.0,81.61,100,36,84,5944.4,6634.7,250.0,81.65,100,41,74,7091.5,5118.2,249.9,81.61,100,33,82,7318.5,6062.7,250.0,81.61,100,43,77,7315.6,6728.7,1.5,64,0
1774524382.478,26.376,250.0,81.61,100,37,84,6019.1,6696.5,250.0,81.65,100,41,74,7179.5,5158.8,250.0,81.61,100,33,82,7397.2,6565.6,250.0,81.61,100,43,77,6094.6,6614.1,1.5,64,0
1774524382.906,26.804,250.0,81.61,100,36,84,6020.3,7779.9,250.0,81.65,100,41,74,7111.7,5390.9,250.0,81.61,100,33,83,7380.8,7695.3,250.0,81.61,100,43,77,5754.7,6643.7,1.6,64,0
1774524383.341,27.240,250.0,81.61,100,36,84,7046.8,5446.2,250.0,81.65,100,41,74,7034.3,5084.5,250.0,81.61,100,33,83,7328.6,7073.5,250.0,81.61,100,43,77,5936.2,6791.7,1.7,64,0
1774524383.766,27.665,250.0,81.61,100,36,84,6059.9,6359.8,250.0,81.65,100,41,74,7179.1,4984.8,249.9,81.61,100,33,83,7331.0,6041.7,249.9,81.61,100,43,77,7244.6,6559.2,1.7,64,0
1774524384.194,28.093,250.0,81.61,100,36,84,6309.1,6400.3,250.0,81.65,100,41,74,7036.5,5063.6,249.9,81.61,100,33,83,7315.4,6237.7,249.9,81.61,100,43,77,6494.1,6783.5,1.7,64,0
1774524384.623,28.521,250.0,81.61,100,36,84,5853.3,6533.9,250.0,81.65,100,41,74,7039.3,4976.5,250.0,81.61,100,33,83,7185.8,5979.6,250.0,81.61,100,43,77,7215.4,4879.6,1.8,64,0
1774524385.050,28.948,249.9,81.61,100,36,84,5836.3,6196.4,250.1,81.65,100,42,74,5872.0,6121.0,249.9,81.61,100,33,83,7099.8,5950.1,250.0,81.61,100,43,77,7211.4,4895.6,1.9,64,0
1774524385.476,29.374,249.9,81.61,100,37,84,6032.6,6642.0,250.1,81.65,100,41,74,5996.8,6145.2,249.9,81.61,100,33,83,7232.8,5963.5,250.1,81.61,100,43,77,7133.5,4774.0,1.9,64,0
1774524385.901,29.800,250.0,81.61,100,36,84,6936.4,6358.1,250.0,81.65,100,41,74,6078.7,6436.7,250.0,81.61,100,33,83,5980.4,7669.0,250.1,81.61,100,43,77,7056.2,4842.7,1.9,64,0
1774524386.330,30.228,249.9,81.61,100,36,84,6923.7,6407.3,250.0,81.65,100,41,74,6024.5,6151.4,250.0,81.61,100,33,83,6110.0,7058.5,250.0,81.61,100,43,77,6852.4,5098.5,2.0,64,0
1774524386.754,30.652,249.9,81.61,100,37,84,7113.2,5352.7,250.0,81.65,100,41,74,7041.3,6174.7,250.0,81.61,100,33,83,6015.7,7298.2,249.9,81.61,100,43,77,5913.9,6536.3,2.1,64,0
1774524387.179,31.077,249.9,81.61,100,37,84,7081.4,5401.5,250.0,81.65,100,42,74,7114.3,5093.0,250.0,81.61,100,33,83,7304.6,7116.4,249.9,81.61,100,43,77,5997.9,6685.9,2.1,64,0
1774524387.605,31.504,250.0,81.61,100,36,84,5866.0,6250.9,250.1,81.65,100,42,74,6895.9,5101.1,250.0,81.61,100,33,83,7262.7,5914.2,250.0,81.61,100,44,77,7166.8,4822.0,2.1,64,0
1774524388.031,31.930,250.0,81.61,100,36,85,6069.3,6333.7,250.0,81.65,100,42,74,6957.1,5237.0,250.1,81.61,100,33,83,7237.7,6097.6,250.0,81.61,100,44,77,7295.3,6920.3,2.2,64,0
1774524388.466,32.364,250.1,81.61,100,37,85,6045.6,6481.2,249.9,81.65,100,42,74,6815.7,5206.2,250.0,81.61,100,33,83,7223.3,5866.9,250.0,81.61,100,43,77,7323.2,6898.7,2.3,64,0
1774524388.896,32.795,250.0,81.61,100,36,85,5853.5,6729.4,250.0,81.65,100,41,74,7218.6,6471.3,250.0,81.61,100,33,84,7363.4,7098.4,250.0,81.61,100,43,77,5917.4,6783.8,2.3,64,0
1774524389.332,33.230,250.0,81.61,100,36,85,7157.8,5486.8,250.0,81.65,100,42,74,7059.8,5151.0,250.0,81.61,100,33,84,7232.8,7180.7,250.0,81.61,100,43,77,6079.2,6723.3,2.3,64,0
1774524389.757,33.655,250.0,81.61,100,37,85,7097.9,5347.0,250.0,81.65,100,42,74,6965.5,5224.6,250.0,81.61,100,33,84,7238.6,5783.3,250.0,81.61,100,43,77,7099.1,6710.9,2.4,64,0
1774524390.183,34.082,250.0,81.61,100,36,85,8744.8,5403.2,250.0,81.65,100,41,75,7120.7,5153.5,250.0,81.61,100,33,84,7371.8,7101.3,250.0,81.61,100,43,77,6132.5,6812.1,2.5,64,0
1774524390.615,34.513,250.0,81.61,100,36,85,7089.5,5514.0,250.0,81.65,100,42,75,7021.3,5264.3,250.1,81.61,100,33,84,7376.1,7023.6,250.0,81.61,100,43,77,5986.3,6621.3,2.5,64,0
1774524391.042,34.941,250.0,81.61,100,37,85,5954.7,6727.6,250.0,81.65,100,42,75,6878.4,5150.2,250.0,81.61,100,34,84,7116.2,5760.5,250.0,81.61,100,44,77,7211.4,5776.0,2.5,64,0
1774524391.469,35.368,250.0,81.61,100,37,85,6002.0,6536.7,250.0,81.65,100,42,74,5798.1,6151.5,250.0,81.61,100,34,84,7330.2,5959.6,250.0,81.61,100,43,77,7234.3,4890.0,2.6,64,0
1774524391.895,35.794,250.0,81.61,100,37,85,6093.7,6521.2,250.0,81.65,100,41,75,6114.7,6288.9,250.0,81.61,100,34,84,7481.2,5714.9,250.0,81.61,100,43,77,7150.8,4755.6,2.7,64,0
1774524392.326,36.225,250.0,81.61,100,37,85,6060.7,6517.1,250.0,81.65,100,41,75,5956.3,6179.6,250.0,81.61,100,33,84,7105.6,5846.9,250.0,81.61,100,43,77,7212.7,4836.1,2.7,64,0
1774524392.752,36.650,250.0,81.61,100,36,85,7148.5,6448.8,250.0,81.65,100,41,75,5858.2,6129.7,250.0,81.61,100,33,84,6075.2,7145.5,250.0,81.61,100,44,78,7072.3,4920.8,2.7,64,0
1774524393.178,37.076,250.0,81.61,100,36,85,7256.8,5534.3,250.0,81.65,100,42,75,7280.7,6115.9,250.0,81.61,100,33,84,6126.0,7129.0,250.0,81.61,100,44,78,5834.0,6681.7,2.8,64,0
1774524393.604,37.503,250.0,81.61,100,37,85,7189.2,5568.3,250.1,81.65,100,41,75,7034.9,5126.1,250.0,81.61,100,33,84,7199.3,6987.3,250.1,81.61,100,43,77,5696.4,6669.9,2.9,64,0
1774524394.029,37.928,249.9,81.61,100,36,85,7164.9,5276.2,250.0,81.65,100,43,75,7030.9,5007.8,250.0,81.61,100,34,84,7244.9,6047.7,250.1,81.61,100,44,78,6054.6,6647.5,2.9,64,0
1774524394.456,38.355,249.9,81.61,100,37,85,5908.5,6517.8,250.0,81.65,100,42,75,5903.1,6107.5,250.0,81.61,100,34,84,7134.2,5630.2,250.0,81.61,100,44,78,7215.8,4957.6,3.0,64,0
1774524394.882,38.780,250.0,81.61,100,36,85,6047.3,6326.9,250.0,81.65,99,42,75,6046.6,6108.9,250.0,81.61,100,33,85,7000.5,6818.5,250.0,81.61,100,44,78,7121.2,5054.5,3.0,64,0
1774524395.318,39.216,250.1,81.61,100,37,85,5843.7,6086.9,249.9,81.65,100,41,75,5917.1,6075.1,250.1,81.61,100,33,85,7122.2,5782.4,250.0,81.61,100,43,78,7226.2,4894.4,3.1,64,0
1774524395.743,39.641,250.1,81.61,100,37,86,6925.8,6486.7,249.9,81.65,100,41,75,6096.9,6171.2,250.1,81.61,100,34,85,6110.0,7159.4,249.9,81.61,100,43,78,7033.8,4901.9,3.1,64,0
1774524396.168,40.066,250.1,81.61,100,37,86,7140.2,5365.8,249.9,81.65,100,42,75,8501.1,6069.8,250.1,81.61,100,34,85,5887.0,7206.9,249.9,81.61,100,43,78,5930.3,6537.3,3.2,64,0
1774524396.598,40.497,250.1,81.61,100,37,86,7055.5,5471.4,250.0,81.65,100,42,75,7132.6,6161.6,250.1,81.61,100,34,85,5998.7,7074.0,250.0,81.61,100,44,78,6575.8,6726.2,3.2,64,0
1774524397.027,40.926,250.0,81.61,100,37,86,7075.6,5446.1,250.0,81.65,100,42,75,7109.6,5580.8,249.9,81.61,100,34,85,6204.5,7004.9,250.0,81.61,100,43,78,5834.7,6666.6,3.3,64,0
1774524397.452,41.351,250.0,81.61,100,37,86,6976.1,5439.1,250.0,81.65,100,42,75,7107.4,5161.9,249.9,81.61,100,33,85,7301.2,6525.4,249.9,81.61,100,44,78,6089.3,6692.2,3.3,64,0
1774524397.877,41.776,250.0,81.61,100,37,86,5857.1,6386.1,250.1,81.65,100,42,75,6951.4,5180.6,249.9,81.61,100,34,85,8363.5,6867.4,250.1,81.61,100,44,78,7676.1,6704.9,3.4,64,0
1774524398.318,42.217,250.0,81.61,100,37,86,7100.1,5282.5,250.0,81.65,100,43,75,7053.2,5021.1,250.0,81.61,100,33,85,7246.6,6894.7,250.0,81.61,100,44,78,5833.4,6665.4,3.4,64,0
1774524398.743,42.641,249.9,81.61,100,37,86,6084.4,6509.2,250.0,81.65,100,43,75,7124.9,5077.6,250.0,81.61,100,33,85,7204.7,5660.5,249.9,81.61,100,44,78,7134.9,6519.1,3.5,64,0
1774524399.175,43.074,249.9,81.61,100,37,86,6125.2,6232.8,250.0,81.65,100,42,75,7166.6,5186.2,250.0,81.61,100,33,85,7236.5,5717.7,249.9,81.61,100,44,78,7139.7,6655.4,3.5,64,0
1774524399.602,43.501,250.0,81.61,100,37,86,5965.2,6222.7,250.0,81.65,100,42,75,6013.1,6193.2,250.0,81.61,100,33,85,7266.5,5899.6,249.9,81.61,100,44,78,7165.7,4837.6,3.6,64,0
1774524400.029,43.927,250.1,81.61,100,37,86,5999.9,6228.3,250.0,81.65,100,42,75,5877.3,6193.7,250.0,81.61,100,34,85,6785.6,6154.8,250.0,81.61,100,44,78,7185.5,4920.0,3.6,64,0
1774524400.454,44.352,250.0,81.61,100,37,86,7247.9,6304.9,250.0,81.65,100,43,75,6047.9,6075.8,250.0,81.61,100,34,85,5989.1,7047.3,250.0,81.61,100,44,78,5836.9,6601.9,3.7,64,0
1774524400.879,44.778,250.0,81.61,100,38,86,6835.6,5203.5,249.9,81.65,100,42,75,7238.0,5058.0,250.0,81.61,100,34,85,7446.8,7651.9,249.9,81.61,100,43,78,8539.9,4932.0,3.7,64,0
1774524401.322,45.220,250.1,81.61,100,37,86,7188.9,6262.2,250.1,81.65,100,42,75,5800.9,6098.8,249.9,81.61,100,34,86,5993.5,6921.3,250.0,81.61,100,44,78,5834.4,6758.4,3.8,64,0
1774524401.746,45.645,250.0,81.61,100,37,86,7018.3,5474.9,250.1,81.65,100,42,75,6955.0,4964.4,249.9,81.61,100,34,86,7294.0,7189.0,250.1,81.61,100,44,78,5828.0,6603.7,3.8,64,0
1774524402.171,46.069,250.0,81.61,100,37,86,6033.4,6512.0,250.1,81.65,100,42,75,6982.5,5004.7,249.9,81.61,100,34,86,7231.5,5605.0,250.1,81.61,100,44,78,7147.5,4841.2,3.9,64,0
1774524402.597,46.495,249.9,81.61,100,37,86,6236.6,6459.0,250.1,81.65,100,43,75,6103.0,6033.6,250.0,81.61,100,34,86,7243.4,5890.2,250.0,81.61,100,44,78,7143.2,4748.2,3.9,64,0
1774524403.022,46.920,249.9,81.61,100,37,86,7187.5,6530.7,250.1,81.65,100,42,75,6105.5,6146.7,250.0,81.61,100,34,86,5967.2,7020.7,249.9,81.61,100,45,78,5914.1,6684.9,4.0,64,0
1774524403.447,47.345,250.0,81.61,100,37,86,7002.8,5065.6,249.9,81.65,100,42,75,6943.3,5067.4,250.0,81.61,100,34,86,7275.0,7057.3,250.0,81.61,100,44,78,5913.9,6616.2,4.0,64,0
1774524403.872,47.771,250.1,81.61,100,37,86,5965.7,6267.1,250.0,81.65,100,42,75,6956.5,5858.7,250.0,81.61,100,34,86,7312.7,6120.1,249.9,81.61,100,44,78,6016.3,6871.9,4.1,64,0
1774524404.306,48.204,250.0,81.61,100,37,86,6138.1,6364.6,250.0,81.65,100,42,75,6966.5,5079.4,249.9,81.61,100,33,86,7141.0,5569.2,250.1,81.61,100,44,78,7086.8,5186.6,4.1,64,0
1774524404.732,48.630,249.9,81.61,100,37,86,6010.2,6547.4,250.0,81.65,100,42,75,6118.2,6136.9,250.0,81.61,100,34,86,7145.4,5812.7,250.0,81.61,100,44,78,7288.1,5071.1,4.2,64,0
1774524405.162,49.061,249.9,81.61,100,37,86,6016.2,7053.0,250.1,81.65,100,42,75,8764.3,5032.5,250.0,81.61,100,34,86,7123.4,5736.5,250.0,81.61,100,44,78,7123.9,6708.4,4.2,64,0
1774524405.601,49.500,249.9,81.61,100,37,86,6058.4,6149.5,250.0,81.65,100,43,76,7088.9,5162.6,250.0,81.61,100,34,86,7274.8,5674.3,250.1,81.61,100,44,78,7076.7,5823.6,4.3,64,0
1774524406.033,49.932,249.9,81.61,100,37,86,5989.2,6331.4,250.0,81.65,100,43,76,6008.5,5780.7,249.9,81.61,100,34,86,7095.8,5635.2,250.0,81.61,100,45,78,7141.1,4835.5,4.3,64,0
1774524406.466,50.365,250.0,81.61,100,37,86,5912.5,6332.1,250.0,81.65,100,43,76,5940.5,6123.6,250.0,81.61,100,34,86,7107.2,5846.6,250.0,81.61,100,44,78,7218.0,4887.9,4.4,64,0
1774524406.891,50.790,250.0,81.61,100,38,86,7560.3,6412.6,250.0,81.65,100,43,76,6005.1,6115.3,250.1,81.61,100,34,86,6241.6,6210.1,250.0,81.61,100,44,78,7639.4,4769.8,4.4,64,0
1774524407.324,51.222,250.0,81.61,100,38,87,7072.2,6363.3,250.0,81.65,100,42,76,5937.7,6186.7,249.9,81.61,100,34,86,6199.5,6908.0,250.0,81.61,100,44,78,7215.7,4953.5,4.5,64,0
1774524407.749,51.648,250.0,81.61,100,38,87,7002.2,5302.0,250.0,81.65,100,42,76,7203.8,6186.5,249.9,81.61,100,34,86,6067.4,6844.7,250.0,81.61,100,44,78,5959.3,6638.5,4.5,64,0
1774524408.175,52.073,250.0,81.61,100,38,87,6917.7,5073.8,250.1,81.65,100,42,76,6993.6,5030.7,249.9,81.61,100,34,86,7144.8,5719.0,250.0,81.61,100,44,78,7026.7,6672.7,4.6,64,0
1774524408.600,52.499,250.0,81.61,100,38,87,6082.5,6487.2,250.0,81.65,100,43,76,5856.5,5961.3,250.0,81.61,100,34,86,7138.5,5601.7,250.0,81.61,100,44,78,7013.4,4901.5,4.6,64,0
1774524409.027,52.925,250.0,81.61,100,38,87,7031.1,6451.7,250.0,81.65,100,43,76,5950.9,6133.6,250.1,81.61,100,34,86,6041.5,5575.3,250.0,81.61,100,45,78,4912.0,4386.0,2.4,32,0
1774524409.453,53.352,250.1,81.61,100,38,87,4907.6,4572.7,250.0,81.65,99,47,76,4876.6,4350.9,250.0,81.61,99,34,86,4416.8,4724.5,250.1,81.61,99,45,78,4911.2,4539.9,2.5,32,0
1774524409.878,53.776,250.0,81.61,99,38,87,406.0,525.9,236.4,81.65,21,9,74,427.1,571.7,236.4,81.61,3,1,85,410.6,385.6,236.1,81.61,62,20,78,499.7,547.1,0.3,1,0
1774524410.319,54.218,224.5,81.61,98,21,87,407.2,529.4,219.9,81.65,98,27,75,3241.5,8571.6,227.6,81.61,99,17,87,10664.6,6266.0,222.3,81.61,99,27,78,6969.7,6621.5,9.0,33,0
1774524410.745,54.643,218.7,81.61,87,39,87,4881.7,4698.7,219.9,81.65,98,27,75,4302.4,4412.9,232.3,81.61,99,43,87,4226.6,4255.1,244.1,81.61,99,52,78,4670.8,3495.0,9.0,33,0
1774524411.178,55.076,218.7,81.61,87,39,87,5583.1,6471.3,236.0,81.65,99,53,76,5601.7,5898.3,232.3,81.61,99,43,87,5470.1,6459.1,244.1,81.61,99,52,78,5303.4,6054.9,17.5,64,0
1774524411.606,55.505,242.3,81.61,92,31,87,6371.3,4729.2,251.5,81.65,100,52,76,6263.3,4529.0,253.6,81.61,100,44,87,6384.1,5110.9,253.7,81.61,100,54,78,6309.6,4302.7,17.5,64,0
1774524412.031,55.930,256.6,81.61,100,47,87,6140.1,4532.2,251.5,81.65,100,53,76,6129.1,4485.3,253.8,81.61,100,44,86,6309.5,5094.0,250.3,81.61,100,55,78,6247.1,4193.4,17.6,64,0
1774524412.457,56.355,252.6,81.61,100,48,87,6208.7,4692.0,250.4,81.65,100,54,76,6149.1,4491.9,251.4,81.61,100,45,86,6322.7,4827.4,250.3,81.61,100,55,78,6394.6,4289.9,17.6,64,0
1774524412.883,56.782,250.0,81.61,100,48,87,6316.1,4758.6,250.0,81.65,100,54,76,7624.5,5339.5,250.0,81.61,100,45,86,5321.0,6230.2,250.1,81.61,100,56,78,5111.5,5831.7,17.6,64,0
1774524413.322,57.221,250.0,81.61,100,48,87,5120.9,5549.2,250.0,81.65,100,55,76,5158.9,5450.7,250.0,81.61,100,45,87,5164.2,6249.8,250.0,81.61,100,56,78,5023.2,5857.6,17.7,64,0
1774524413.749,57.647,250.0,81.61,100,49,87,5179.4,5662.1,250.0,81.65,100,55,76,5145.3,5500.2,250.0,81.61,100,45,87,5162.4,6180.3,250.0,81.61,100,56,78,5061.9,5889.5,17.8,64,0
1774524414.175,58.074,250.0,81.61,100,49,87,5260.7,5729.5,249.9,81.65,100,54,76,5152.2,5447.9,250.0,81.61,100,45,87,5217.8,6049.3,250.0,81.61,100,56,78,4977.6,5854.5,17.8,64,0
1774524414.603,58.502,249.9,81.61,100,49,87,5154.4,5708.0,250.0,81.65,100,54,76,5161.8,5443.9,250.0,81.61,100,45,87,5157.6,6066.6,250.1,81.61,100,56,78,5026.6,5851.9,17.8,64,0
1774524415.030,58.928,249.9,81.61,100,48,87,5551.9,5854.0,250.0,81.65,100,54,76,5004.0,5600.2,249.9,81.61,100,45,87,5108.3,6139.6,250.0,81.61,100,56,78,5018.9,6429.7,17.9,64,0
1774524415.467,59.365,250.0,81.61,100,49,87,6161.7,4644.9,250.0,81.65,100,54,76,5929.3,4783.7,250.1,81.61,100,45,87,5807.9,5685.5,249.9,81.61,100,56,78,4982.0,5796.1,17.9,64,0
1774524415.894,59.792,250.0,81.61,100,49,87,6231.2,4683.6,250.0,81.65,100,54,76,7230.6,4445.1,250.1,81.61,100,45,87,7609.2,4981.1,249.9,81.61,100,55,78,6173.5,4176.3,18.0,64,0
1774524416.334,60.232,250.0,81.61,100,49,87,6093.1,4641.8,250.0,81.65,100,54,76,6112.5,4512.1,249.9,81.61,100,45,87,6259.5,4940.6,250.0,81.61,100,55,78,6226.2,4151.8,18.0,64,0
1774524416.761,60.660,250.1,81.61,100,48,87,5146.6,4554.6,250.0,81.65,100,54,76,5920.7,4414.4,250.0,81.61,100,45,87,6238.6,4950.5,250.0,81.61,100,56,78,6159.8,4099.4,18.0,64,0
1774524417.188,61.087,250.0,81.61,100,49,87,5104.1,6000.7,250.0,81.65,100,54,76,5006.4,5519.0,250.0,81.61,100,45,87,5236.8,6127.2,250.0,81.61,100,56,78,5189.8,5954.6,18.1,64,0
1774524417.623,61.521,250.0,81.61,100,49,87,5176.8,5511.8,249.9,81.65,100,54,76,5031.3,5532.5,250.1,81.61,100,45,87,5143.8,6025.4,250.0,81.61,100,56,78,5109.2,6025.6,18.1,64,0
1774524418.048,61.947,250.0,81.61,100,48,87,5098.0,5695.9,249.9,81.65,100,55,76,5081.5,5449.2,250.0,81.61,100,46,87,5249.5,6104.3,250.0,81.61,100,56,78,5024.7,5915.3,18.2,64,0
1774524418.474,62.372,250.0,81.61,100,49,87,5126.7,5628.8,250.1,81.65,100,54,76,5137.5,5476.7,250.0,81.61,100,45,87,5194.9,5941.0,250.0,81.61,100,55,78,5109.9,5862.1,18.2,64,0
1774524418.900,62.798,249.9,81.61,100,48,87,5111.1,5843.4,250.1,81.65,100,54,76,5158.4,6418.4,250.0,81.61,100,45,87,5349.6,6783.8,250.0,81.61,100,56,78,6162.0,4181.3,18.2,64,0
1774524419.338,63.236,250.0,81.61,100,48,87,6196.5,4579.3,250.0,81.65,100,54,76,6132.9,4632.1,249.9,81.61,100,45,87,6304.6,4912.0,250.0,81.61,100,56,78,6251.3,4160.6,18.3,64,0
1774524419.764,63.663,250.0,81.61,100,49,87,6244.1,4742.3,250.0,81.65,100,54,76,6156.8,4536.3,250.0,81.61,100,45,87,6328.4,4887.9,249.9,81.61,100,56,78,6252.5,4177.2,18.3,64,0
1774524420.191,64.089,250.0,81.61,100,49,87,6106.5,4967.5,250.0,81.65,100,55,76,6197.1,4591.1,250.0,81.61,100,45,87,6296.6,4931.6,249.9,81.61,100,56,78,6251.2,4288.0,18.4,64,0
1774524420.621,64.520,250.0,81.61,100,49,87,6201.5,4705.7,250.0,81.65,100,54,76,6173.7,4524.8,250.0,81.61,100,45,87,6191.1,5048.5,250.0,81.61,100,56,78,6227.2,4173.1,18.4,64,0
1774524421.048,64.946,250.0,81.61,100,48,87,6130.0,4638.7,250.0,81.65,100,55,76,6050.4,4525.6,249.9,81.61,100,46,87,6781.0,5202.6,250.0,81.61,100,56,78,5528.3,4702.0,18.4,64,0
1774524421.484,65.382,250.0,81.61,100,48,87,5121.1,5731.4,250.0,81.65,100,54,76,5072.2,5572.3,250.0,81.61,100,45,87,5150.4,5983.5,250.0,81.61,100,56,78,5111.3,5936.6,18.5,64,0
1774524421.911,65.809,250.0,81.61,100,49,87,5062.4,6785.6,249.9,81.65,100,54,76,5439.7,5974.0,250.1,81.61,100,45,87,6378.5,4789.7,249.9,81.61,100,56,78,6247.0,4210.2,18.6,64,0
1774524422.357,66.256,249.9,81.61,100,49,87,6225.1,4436.8,250.0,81.65,100,54,76,6242.1,4441.9,250.0,81.61,100,45,87,6394.4,4791.3,250.0,81.61,100,55,78,6259.1,4180.3,18.6,64,0
1774524422.784,66.683,250.0,81.61,100,49,87,6084.5,4536.0,250.0,81.65,100,54,76,6147.8,4551.7,249.9,81.61,100,45,87,6254.4,4634.4,250.0,81.61,100,55,78,6186.9,5077.7,18.6,64,0
1774524423.216,67.114,250.0,81.61,100,48,87,6432.1,4563.9,250.1,81.65,100,54,76,4991.2,4444.5,249.9,81.61,100,45,87,5434.5,4641.5,250.0,81.61,100,55,78,6265.1,4238.8,18.7,64,0
1774524423.647,67.546,250.0,81.61,100,48,87,5020.5,5451.9,250.1,81.65,100,54,76,5086.4,4583.3,249.9,81.61,100,45,87,5245.7,4724.8,249.9,81.61,100,56,78,5140.5,4244.3,18.7,64,0
1774524424.075,67.974,250.0,81.61,100,49,87,5076.0,5662.3,250.0,81.65,100,54,76,5088.1,5521.9,250.1,81.61,100,45,87,5110.8,5321.6,249.9,81.61,100,56,78,5066.0,5363.0,18.8,64,0
1774524424.503,68.402,250.0,81.61,100,49,87,5119.2,5699.6,249.9,81.65,100,54,76,5033.6,5512.5,249.9,81.61,100,45,87,5212.3,6073.9,250.1,81.61,100,55,78,5026.9,5967.9,18.8,64,0
1774524424.933,68.831,249.9,81.61,100,48,87,5345.1,5807.8,250.1,81.65,100,54,76,5669.7,5530.6,249.9,81.61,100,45,87,5260.0,6089.4,250.0,81.61,100,56,78,5026.2,5885.8,18.8,64,0
1774524425.366,69.265,250.1,81.61,100,48,87,5145.0,5516.8,250.0,81.65,100,54,76,5043.6,5423.1,250.0,81.61,100,45,87,5154.7,5929.8,249.9,81.61,100,56,78,5030.9,5856.6,18.9,64,0
1774524425.793,69.691,250.0,81.61,100,49,87,5116.2,5566.5,250.0,81.65,100,54,76,5162.5,5648.6,250.0,81.61,100,45,87,5210.2,6146.1,249.9,81.61,100,56,78,5106.6,5999.4,18.9,64,0
1774524426.220,70.119,250.0,81.61,100,49,87,5353.9,5532.0,249.9,81.65,100,54,76,5118.2,5414.6,250.1,81.61,100,45,87,5141.2,5909.1,249.9,81.61,100,56,78,5191.1,5975.1,19.0,64,0
1774524426.651,70.549,250.0,81.61,100,49,87,6188.6,4547.8,250.0,81.65,100,53,76,6188.3,4444.9,250.1,81.61,100,45,88,6260.6,4674.3,250.0,81.61,100,55,78,6267.0,4121.2,19.0,64,0
1774524427.079,70.978,250.0,81.61,100,49,87,6203.9,4539.4,250.0,81.65,100,54,76,6123.9,4423.2,250.0,81.61,100,46,88,6282.2,5207.6,250.0,81.61,100,56,79,7949.6,4154.2,19.0,64,0
1774524427.517,71.416,250.1,81.61,100,48,87,6187.3,4395.8,250.0,81.65,100,54,76,6143.6,4472.1,250.0,81.61,100,45,88,6137.0,4842.4,249.9,81.61,100,56,79,6210.4,4214.6,19.1,64,0
1774524427.946,71.845,250.0,81.61,100,49,87,5634.7,6296.0,249.9,81.65,100,54,76,5112.9,5967.1,250.1,81.61,100,45,88,5255.5,6205.0,250.0,81.61,100,56,79,5029.8,5874.2,19.2,64,0
1774524428.386,72.284,249.9,81.61,100,48,87,5082.1,5602.4,249.9,81.65,100,54,76,5086.6,5542.6,250.1,81.61,100,45,88,5144.4,5970.8,249.9,81.61,100,55,79,5098.9,5809.2,19.2,64,0
1774524428.812,72.710,250.0,81.61,100,49,87,5094.5,5598.9,250.0,81.65,100,54,76,5158.5,5365.4,250.0,81.61,100,46,88,5161.3,6184.4,250.0,81.61,100,56,79,5197.7,7321.2,19.3,64,0
1774524429.248,73.146,250.1,81.61,100,48,88,6186.8,4670.4,250.0,81.65,100,54,76,6252.9,4550.6,250.0,81.61,100,45,88,6268.9,4845.5,249.9,81.61,100,56,79,6222.3,4110.0,19.3,64,0
1774524429.676,73.574,250.1,81.61,100,48,88,6194.9,4615.2,249.9,81.65,100,54,76,6153.5,4454.1,250.0,81.61,100,45,88,6256.8,4611.8,249.9,81.61,100,56,79,6280.2,4190.1,19.3,64,0
1774524430.101,74.000,250.0,81.61,100,49,88,6195.5,4491.5,250.0,81.65,100,54,76,6148.0,4413.0,250.0,81.61,100,45,88,6715.0,5057.1,250.0,81.61,100,56,79,6248.7,4151.2,19.4,64,0
1774524430.529,74.428,250.0,81.61,100,49,87,6171.4,4524.5,250.0,81.65,100,54,76,6206.0,4424.7,250.0,81.61,100,45,88,6265.4,4553.6,250.0,81.61,100,55,79,6238.1,4093.5,19.4,64,0
1774524430.955,74.853,249.9,81.61,100,49,88,6186.7,5478.2,250.0,81.65,100,53,76,6133.1,5435.1,250.0,81.61,100,45,88,5121.2,6213.4,250.0,81.61,100,56,79,5068.5,5970.6,19.5,64,0
1774524431.403,75.301,250.0,81.61,100,48,88,5084.9,5307.3,250.0,81.65,100,54,76,5094.6,5525.7,249.9,81.61,100,45,88,5111.8,6036.9,250.0,81.61,100,56,79,5107.6,5956.7,19.5,64,0
1774524431.830,75.728,249.9,81.61,100,49,88,5107.9,5646.2,250.0,81.65,100,55,76,4955.1,5392.5,250.0,81.61,100,45,88,5150.3,6175.6,250.0,81.61,100,56,79,6731.2,5902.9,19.5,64,0
1774524432.266,76.165,250.0,81.61,100,49,88,5181.2,5888.5,250.0,81.65,100,55,76,5164.8,5392.7,250.0,81.61,100,46,88,5097.6,5994.7,250.1,81.61,100,55,79,4945.3,6009.2,19.6,64,0
1774524432.691,76.590,249.9,81.61,100,48,88,5192.7,5645.0,250.0,81.65,100,54,76,5104.5,5428.7,250.0,81.61,100,46,88,5130.1,5836.8,250.1,81.61,100,55,79,5027.8,5850.9,19.6,64,0
1774524433.117,77.016,249.9,81.61,100,48,88,5020.3,5544.8,250.1,81.65,100,54,76,5084.5,5494.8,250.0,81.61,100,46,88,5044.4,5830.9,250.1,81.61,100,56,79,5026.7,5883.8,19.7,64,0
1774524433.543,77.441,250.1,81.61,100,49,88,5121.9,5656.6,250.0,81.65,100,54,76,5094.0,5623.3,250.0,81.61,100,45,88,5160.6,6087.7,250.0,81.61,100,56,79,5025.5,5871.1,19.7,64,0
1774524433.970,77.868,250.1,81.61,100,49,88,6031.4,5487.8,249.9,81.65,100,54,76,5545.5,4475.3,250.0,81.61,100,45,88,5242.0,5472.3,249.9,81.61,100,55,79,4941.9,5949.1,19.7,64,0
1774524434.405,78.303,249.9,81.61,100,49,88,5112.1,5736.0,250.1,81.65,100,54,76,5098.3,5460.6,250.0,81.61,100,45,88,5157.7,6094.6,250.1,81.61,100,56,79,5030.1,5880.9,19.8,64,0
1774524434.831,78.729,250.0,81.61,100,48,88,5097.5,5601.0,250.1,81.65,100,54,76,5031.1,5462.6,250.0,81.61,100,45,88,5088.5,6187.1,250.0,81.61,100,56,79,5034.4,5966.6,19.9,64,0
1774524435.260,79.159,250.0,81.61,100,49,88,5160.5,5681.7,250.1,81.65,100,54,76,5070.1,5506.1,249.9,81.61,100,45,88,5064.6,5934.1,250.0,81.61,100,55,79,5192.8,5900.2,19.9,64,0
1774524435.689,79.587,250.0,81.61,100,49,88,5165.2,5512.6,249.9,81.65,100,54,76,5105.2,5701.1,249.9,81.61,100,45,88,5136.4,6051.0,250.0,81.61,100,55,79,5014.3,5863.4,19.9,64,0
1774524436.116,80.015,250.0,81.61,100,49,88,5091.7,5483.2,250.1,81.65,100,54,76,4997.2,5355.9,250.0,81.61,100,45,88,5219.1,6032.9,250.0,81.61,100,56,79,5040.5,5838.3,19.9,64,0
1774524436.542,80.441,250.1,81.61,100,49,88,5075.0,5415.1,250.0,81.65,100,54,76,5038.3,5408.3,250.0,81.61,100,45,88,5101.0,5905.2,250.0,81.61,100,56,79,5034.3,5942.0,20.0,64,0
1774524436.969,80.867,249.9,81.61,100,49,88,5523.8,5728.7,250.0,81.65,100,54,76,6313.8,5556.2,250.0,81.61,100,45,88,5131.8,5735.6,250.0,81.61,100,55,79,5027.4,5901.8,20.1,64,0
1774524437.408,81.306,249.9,81.61,100,49,88,5198.9,5550.7,250.0,81.65,100,54,76,5070.2,5333.9,250.0,81.61,100,46,88,5121.4,5840.0,250.1,81.61,100,56,79,4983.1,5940.5,20.1,64,0
1774524437.837,81.735,250.0,81.61,100,49,88,5053.9,5400.6,250.0,81.65,100,55,76,5132.9,5390.4,250.1,81.61,100,45,88,5055.8,6183.5,250.0,81.61,100,56,79,5356.1,6780.5,20.1,64,0
1774524438.271,82.170,250.0,81.61,100,49,88,5003.9,5335.9,250.0,81.65,100,55,76,5173.3,5611.9,250.0,81.61,100,45,88,5219.0,5836.4,250.0,81.61,100,55,79,5062.9,5888.0,20.2,64,0
1774524438.698,82.596,250.0,81.61,100,48,88,5196.3,5603.8,250.0,81.65,100,54,76,5148.6,5357.1,250.0,81.61,100,45,88,5285.6,6057.0,250.0,81.61,100,55,79,5102.6,5889.1,20.2,64,0
1774524439.125,83.023,250.0,81.61,100,48,88,5147.2,5690.8,250.0,81.65,100,54,76,5146.2,5616.8,249.9,81.61,100,45,88,7777.7,4721.9,250.0,81.61,100,56,79,6162.6,4157.9,20.3,64,0
1774524439.561,83.459,250.1,81.61,100,49,88,6159.0,4493.2,249.9,81.65,100,54,76,6128.5,4471.5,250.1,81.61,100,45,88,6256.9,4717.9,250.0,81.61,100,56,79,6230.8,4220.6,20.3,64,0
1774524439.987,83.885,250.0,81.61,100,49,88,6783.2,5182.3,250.0,81.65,100,54,76,6027.0,4506.2,250.0,81.61,100,45,88,6140.6,4721.0,250.0,81.61,100,55,79,6281.9,4119.1,20.3,64,0
1774524440.431,84.329,249.9,81.61,100,49,88,6108.5,4603.9,250.0,81.65,100,55,77,6179.4,4562.9,250.0,81.61,100,46,88,6366.9,4812.0,250.0,81.61,100,56,79,6164.7,4105.8,20.4,64,0
1774524440.858,84.757,250.0,81.61,100,49,88,6053.9,4505.8,249.9,81.65,100,55,77,6085.0,4518.7,250.1,81.61,100,46,88,6356.4,4795.9,250.0,81.61,100,57,79,6815.4,6905.5,20.4,64,0
1774524441.302,85.200,250.0,81.61,100,49,88,5086.8,5673.4,250.0,81.65,100,54,77,5111.2,5625.6,250.1,81.61,100,46,88,5159.2,6023.0,250.0,81.61,100,56,79,4899.0,5822.6,20.5,64,0
1774524441.732,85.631,250.1,81.61,100,49,88,4910.4,5592.3,250.0,81.65,100,54,77,5083.1,5442.6,249.9,81.61,100,45,88,5047.3,6191.1,249.9,81.61,100,56,79,4951.3,5930.5,20.5,64,0
1774524442.159,86.058,250.1,81.61,100,49,88,5092.9,5655.9,250.0,81.65,100,54,77,5040.2,5394.7,249.9,81.61,100,45,88,5023.4,6065.9,249.9,81.61,100,56,79,4944.3,6037.0,20.5,64,0
1774524442.589,86.488,250.0,81.61,100,49,88,4986.2,5816.4,249.9,81.65,100,54,77,4974.8,5534.0,250.1,81.61,100,46,88,5065.9,6139.0,249.9,81.61,100,55,79,5350.7,5806.2,20.6,64,0
1774524443.019,86.917,250.0,81.61,100,49,88,4937.3,5520.3,250.1,81.65,100,55,77,4948.7,5470.5,250.0,81.61,100,46,88,5093.8,5224.6,250.0,81.61,100,56,79,5051.0,4112.4,20.6,64,0
1774524443.448,87.347,250.0,81.61,100,49,88,6023.0,4400.2,250.0,81.65,100,55,77,6107.7,4976.3,250.0,81.61,100,45,88,5081.4,6166.8,250.0,81.61,100,56,79,4942.0,5794.4,20.7,64,0
1774524443.885,87.783,250.0,81.61,100,49,88,5004.9,5527.4,250.0,81.65,100,54,77,6103.3,5544.0,250.0,81.61,100,46,88,5186.7,6023.6,250.0,81.61,100,56,79,6327.9,5909.4,20.7,64,0
1774524444.326,88.225,250.0,81.61,100,49,88,5015.2,5506.2,250.1,81.65,100,55,77,4957.1,5508.7,250.0,81.61,100,45,88,4917.9,6167.5,250.0,81.61,100,56,79,4909.2,5823.0,20.8,64,0
1774524444.752,88.651,250.0,81.61,100,49,88,4946.6,5327.4,250.1,81.65,100,55,77,4909.4,4377.3,250.0,81.61,100,46,88,5284.6,4674.2,250.0,81.61,100,56,79,6084.9,4069.4,20.8,64,0
1774524445.180,89.079,250.0,81.61,100,49,88,5997.3,4517.8,250.0,81.65,100,54,77,6067.4,4305.4,250.0,81.61,100,46,88,6202.0,4696.8,250.0,81.61,100,56,79,6237.6,4098.5,20.9,64,0
1774524445.607,89.505,250.0,81.61,100,49,88,6041.5,4476.9,250.0,81.65,100,55,77,6089.1,4579.1,250.0,81.61,100,45,88,6198.2,4923.3,250.0,81.61,100,56,79,6173.2,4126.1,20.9,64,0
1774524446.033,89.932,250.1,81.61,100,49,88,6193.8,4471.6,250.0,81.65,100,54,77,6088.3,4445.7,250.0,81.61,100,45,88,6221.4,4579.5,250.0,81.61,100,55,79,6244.1,4621.8,20.9,64,0
1774524446.492,90.391,250.0,81.61,100,48,88,5004.0,5400.3,250.0,81.65,100,54,77,4930.2,5451.6,249.9,81.61,100,45,88,5046.3,5898.1,250.0,81.61,100,56,79,4951.3,5834.5,21.0,64,0
1774524446.918,90.816,250.0,81.61,100,49,88,4991.7,5514.0,249.9,81.65,100,54,77,5158.3,5381.2,250.0,81.61,100,46,88,5015.9,6019.3,249.9,81.61,100,56,79,4863.1,5990.9,21.0,64,0
1774524447.350,91.249,249.9,81.61,100,49,88,5050.7,5376.0,250.1,81.65,100,54,77,5023.1,5497.2,250.0,81.61,100,46,88,4979.5,5152.0,250.0,81.61,100,56,79,5015.2,4088.1,21.1,64,0
1774524447.777,91.675,250.0,81.61,100,49,88,6051.7,4680.2,250.1,81.65,100,54,77,6101.1,4513.7,250.0,81.61,100,46,88,6303.9,4904.7,250.1,81.61,100,56,79,6173.7,5005.1,21.1,64,0
1774524448.211,92.110,249.9,81.61,100,49,88,7142.0,4795.3,250.0,81.65,100,55,77,5017.9,4473.7,250.0,81.61,100,46,88,5847.4,4857.4,250.1,81.61,100,56,79,6179.5,4113.0,21.2,64,0
1774524448.644,92.543,249.9,81.61,100,49,88,6053.6,4454.1,250.0,81.65,100,55,77,6087.4,4462.7,250.0,81.61,100,46,88,6191.1,4820.8,250.0,81.61,100,56,79,6175.0,4166.3,21.2,64,0
1774524449.071,92.970,250.0,81.61,100,49,89,6051.3,4573.3,249.9,81.65,100,55,77,6106.5,4674.1,250.0,81.61,100,45,88,6213.1,4917.7,249.9,81.61,100,56,79,6164.9,4090.5,21.2,64,0
1774524449.497,93.396,250.0,81.61,100,49,89,6068.9,4537.0,250.0,81.65,100,55,77,5793.8,4733.8,249.9,81.61,100,46,88,5190.1,6097.2,250.0,81.61,100,56,79,5106.3,5705.2,21.3,64,0
1774524449.925,93.824,250.0,81.61,100,49,89,4942.0,5476.1,250.0,81.65,100,55,77,5182.2,4378.9,250.0,81.61,100,45,88,6323.8,4611.9,249.9,81.61,100,56,79,6158.5,4041.7,21.3,64,0
1774524450.367,94.265,249.9,81.61,100,49,89,6075.0,4620.0,250.0,81.65,100,55,77,5937.1,4456.1,250.0,81.61,100,46,88,5038.9,6057.0,250.0,81.61,100,56,79,4948.3,5770.0,21.4,64,0
1774524450.792,94.691,250.0,81.61,100,49,89,5010.2,5455.7,250.0,81.65,100,55,77,5043.4,5487.7,250.0,81.61,100,45,88,5169.8,5986.0,250.0,81.61,100,56,79,5217.6,5855.0,21.4,64,0
1774524451.220,95.119,250.0,81.61,100,49,89,5094.7,5493.2,250.0,81.65,100,54,77,5004.2,5543.8,250.0,81.61,100,45,88,5071.4,6209.7,250.0,81.61,100,56,79,4867.5,5747.3,21.4,64,0
1774524451.647,95.546,250.0,81.61,100,49,89,5713.2,5806.5,250.0,81.65,100,54,77,5019.4,5471.8,250.0,81.61,100,46,88,5087.3,6073.6,250.0,81.61,100,56,79,4861.7,5880.9,21.5,64,0
1774524452.081,95.979,250.0,81.61,100,48,89,5062.5,5585.0,250.0,81.65,100,55,77,5008.4,5559.5,250.0,81.61,100,45,88,5524.0,5752.1,250.0,81.61,100,56,79,6036.6,4080.6,21.5,64,0
1774524452.513,96.411,249.9,81.61,100,49,89,6057.4,4447.7,250.1,81.65,100,54,77,6008.5,4333.0,250.0,81.61,100,45,88,6188.2,4933.6,250.0,81.61,100,56,79,6154.6,4097.8,21.5,64,0
1774524452.940,96.838,250.0,81.61,100,49,89,6231.4,4464.0,250.0,81.65,100,55,77,7569.6,4336.8,250.0,81.61,100,45,88,6130.4,4823.6,250.0,81.61,100,57,79,6021.6,4090.0,21.6,64,0
1774524453.376,97.275,250.0,81.61,100,50,89,6132.1,4476.4,250.0,81.65,100,55,77,6013.1,4231.6,250.0,81.61,100,46,88,6212.7,4677.1,250.0,81.61,100,57,79,6178.2,4092.7,21.6,64,0
1774524453.803,97.701,250.0,81.61,100,50,89,5009.8,5566.4,250.0,81.65,100,55,77,5095.5,5547.6,250.0,81.61,100,46,87,5001.0,5997.3,249.9,81.61,100,56,79,5028.7,5801.0,21.6,64,0
1774524454.230,98.129,250.0,81.61,100,49,89,4499.9,4098.0,250.0,81.65,100,55,77,4374.3,3699.3,249.9,81.61,100,45,87,4617.6,3580.5,250.0,81.61,99,54,79,3986.3,4107.3,11.1,33,0
1774524454.666,98.565,250.0,81.61,100,49,89,5017.8,3572.0,250.0,81.65,100,55,77,4974.1,3698.1,249.9,81.61,100,45,87,5075.9,4896.9,250.0,81.61,99,54,79,4202.8,4646.8,13.3,41,0
1774524455.099,98.997,250.1,81.61,100,48,89,4592.2,3641.0,250.1,81.65,100,54,77,4340.1,4130.0,250.0,81.61,100,44,87,5630.6,4462.0,250.0,81.61,100,54,79,4690.2,4342.0,9.3,34,0
1774524455.537,99.435,250.0,81.61,99,45,89,4556.0,4137.2,250.0,81.65,100,52,77,3979.1,4812.3,250.0,81.61,99,42,88,8034.2,6934.1,250.0,81.61,100,52,80,8269.4,6221.0,17.5,64,0
1774524456.073,99.971,250.0,81.61,100,46,89,6253.4,4736.0,249.5,81.65,97,49,77,6213.9,4578.1,249.3,81.61,97,38,88,6500.2,5073.4,249.7,81.61,100,54,80,6324.0,4357.6,17.5,64,0
1774524456.500,100.399,249.9,81.61,100,47,89,6126.0,4600.5,250.0,81.65,100,54,77,6149.0,4566.0,249.9,81.61,100,45,87,6245.2,4920.9,250.0,81.61,100,55,80,6152.0,4054.0,17.6,64,0
1774524456.926,100.824,250.0,81.61,100,49,89,7427.0,4687.9,250.4,81.65,100,54,77,7127.3,4729.5,250.7,81.61,100,45,87,6409.1,4912.2,250.2,81.61,100,56,80,6070.3,4093.8,17.6,64,0
1774524457.366,101.265,250.0,81.61,100,49,89,4915.9,5685.3,250.0,81.65,100,55,77,4994.3,5592.1,250.0,81.61,100,46,87,5020.5,6076.3,250.0,81.61,100,56,80,4941.5,5775.4,17.6,64,0
1774524457.792,101.691,250.0,81.61,100,49,89,4965.1,5680.0,250.0,81.65,100,55,77,4995.4,5498.1,250.0,81.61,100,46,87,4893.4,6491.2,250.0,81.61,100,56,80,5007.6,5972.4,17.7,64,0
1774524458.227,102.125,250.1,81.61,100,49,89,6093.6,4599.7,250.0,81.65,100,55,77,5869.7,4429.2,250.1,81.61,100,45,87,6095.6,4908.8,250.0,81.61,100,56,80,6053.9,4021.4,17.7,64,0
1774524458.654,102.552,250.1,81.61,100,49,89,6055.9,4444.3,250.0,81.65,100,55,77,6044.1,4508.1,250.1,81.61,100,45,87,5826.7,5708.6,250.0,81.61,100,57,80,4788.2,5764.8,17.8,64,0
1774524459.079,102.977,250.0,81.61,100,49,89,4953.7,5692.4,250.1,81.65,100,55,77,4891.1,5425.8,250.0,81.61,100,46,87,4992.1,7422.3,250.0,81.61,100,56,80,4864.0,5854.9,17.8,64,0
1774524459.509,103.408,249.9,81.61,100,49,89,6019.4,4558.8,249.9,81.65,100,54,77,6025.4,4551.1,249.9,81.61,100,45,87,6103.2,5012.6,250.0,81.61,100,56,79,6066.4,4026.8,17.8,64,0
1774524459.935,103.834,250.0,81.61,100,49,89,6320.1,4354.4,250.0,81.65,100,55,77,6406.5,4604.9,250.0,81.61,100,45,87,6160.0,4945.7,250.0,81.61,100,57,80,6004.1,3956.1,17.9,64,0
1774524460.368,104.266,250.0,81.61,100,49,89,4970.6,5519.3,249.9,81.65,100,55,77,5031.2,5532.9,249.9,81.61,100,46,87,5185.6,6432.1,250.0,81.61,100,56,80,5023.1,5920.3,17.9,64,0
1774524460.796,104.694,250.0,81.61,100,49,89,4937.8,5741.1,249.9,81.65,100,55,77,5061.2,4558.0,250.0,81.61,100,46,87,5048.4,4960.9,250.0,81.61,100,56,80,6110.9,3960.6,18.0,64,0
1774524461.225,105.124,250.0,81.61,100,49,89,5930.7,4506.9,250.1,81.65,100,54,77,5999.1,4719.1,250.0,81.61,100,46,87,6221.4,5047.9,250.0,81.61,100,56,80,6008.2,3955.4,18.0,64,0
1774524461.653,105.552,250.0,81.61,100,49,89,4958.7,5572.0,250.0,81.65,100,55,77,4931.4,5400.5,250.0,81.61,100,46,87,5093.1,6159.4,250.0,81.61,100,57,80,4925.3,5784.1,18.0,64,0
1774524462.081,105.979,250.0,81.61,100,49,89,4871.5,4660.0,249.9,81.65,100,55,77,5284.4,4637.7,250.0,81.61,100,45,87,6107.4,5406.0,250.0,81.61,100,56,80,6088.6,4256.9,18.1,64,0
1774524462.515,106.413,249.9,81.61,100,49,89,6032.4,4517.5,250.0,81.65,100,55,77,6060.1,4493.2,250.0,81.61,100,46,87,6142.3,5049.8,250.0,81.61,100,56,80,6081.9,3964.8,18.1,64,0
1774524462.941,106.840,250.0,81.61,100,49,89,4982.3,6332.2,250.0,81.65,100,55,77,5965.4,5472.3,250.0,81.61,100,46,87,6188.4,5149.0,250.0,81.61,100,56,80,6060.0,3958.5,18.2,64,0
1774524463.383,107.281,250.0,81.61,100,49,89,4877.6,5742.6,250.0,81.65,100,55,77,4970.4,5428.9,250.0,81.61,100,45,87,4989.7,6301.1,250.0,81.61,100,57,80,4942.3,5782.5,18.2,64,0
1774524463.808,107.707,249.9,81.61,100,49,89,4884.9,4760.2,250.0,81.65,100,55,77,5899.2,5868.0,250.0,81.61,100,46,87,4908.4,6183.8,250.0,81.61,100,56,80,4780.9,6002.2,18.3,64,0
1774524464.248,108.147,250.0,81.61,100,49,89,6059.3,4550.3,250.0,81.65,100,55,77,6056.2,4541.4,249.9,81.61,100,46,87,6113.4,5067.0,250.1,81.61,100,56,80,6022.7,4088.7,18.3,64,0
1774524464.674,108.572,250.0,81.61,100,49,89,6047.0,4661.3,250.1,81.65,100,54,77,6033.0,4763.0,249.9,81.61,100,46,87,6097.3,5034.8,250.1,81.61,100,56,80,4861.5,5700.5,18.3,64,0
1774524465.099,108.997,250.1,81.61,100,49,89,4992.9,5847.7,250.0,81.65,100,55,77,4981.2,5518.0,250.0,81.61,100,46,87,5971.9,6324.6,250.0,81.61,100,57,80,4864.0,5646.2,18.4,64,0
1774524465.529,109.427,250.0,81.61,100,49,89,4973.4,4729.3,250.0,81.65,100,55,77,5985.5,4525.3,250.0,81.61,100,46,87,6087.2,4956.4,250.0,81.61,100,56,80,6011.6,4016.1,18.4,64,0
1774524465.955,109.853,250.0,81.61,100,49,89,6089.2,4775.3,250.0,81.65,100,55,77,5941.2,4533.1,249.9,81.61,100,46,87,6140.1,5173.8,250.0,81.61,100,57,80,6074.1,3948.6,18.5,64,0
1774524466.393,110.291,250.1,81.61,100,49,89,6093.4,4607.6,250.0,81.65,100,55,77,5579.9,4942.6,250.0,81.61,100,46,87,5088.8,6099.9,250.0,81.61,100,56,80,4860.8,5754.3,18.5,64,0
1774524466.819,110.717,250.0,81.61,100,49,89,4939.6,5782.6,250.0,81.65,100,55,77,4907.6,5481.2,250.0,81.61,100,46,87,5128.1,6443.9,249.9,81.61,100,57,80,4835.2,6067.4,18.6,64,0
1774524467.250,111.149,250.0,81.61,100,49,89,5943.5,4437.5,250.0,81.65,100,55,77,5973.4,4623.4,250.0,81.61,100,46,87,6094.6,5081.7,250.0,81.61,100,56,80,6012.3,4034.0,18.6,64,0
1774524467.677,111.576,250.0,81.61,100,49,89,5976.6,4414.6,250.1,81.65,100,54,77,6013.0,4341.6,250.0,81.61,100,46,87,5046.4,6501.3,250.0,81.61,100,56,80,4853.2,5722.5,18.7,64,0
1774524468.106,112.004,250.0,81.61,100,49,89,4927.7,5566.5,249.9,81.65,100,55,78,4951.3,5558.8,250.0,81.61,100,46,87,4920.7,7307.0,250.0,81.61,100,56,80,4784.0,5720.0,18.7,64,0
1774524468.538,112.436,250.0,81.61,100,49,89,5264.2,4535.1,249.9,81.65,100,55,77,5970.9,4379.5,250.0,81.61,100,45,87,6200.2,5242.2,249.9,81.61,100,56,80,6065.2,4046.0,18.7,64,0
1774524468.964,112.862,249.9,81.61,100,49,89,6982.6,5078.7,250.1,81.65,100,55,77,5957.8,4396.1,250.0,81.61,100,46,87,6105.0,4850.6,250.0,81.61,100,56,80,5995.3,4016.7,18.8,64,0
1774524469.397,113.295,249.9,81.61,100,49,89,4975.7,5491.1,250.1,81.65,100,55,77,4902.9,5584.9,250.0,81.61,100,46,87,5021.2,6264.5,250.1,81.61,100,56,80,4721.2,5681.8,18.8,64,0
1774524469.823,113.722,250.1,81.61,100,49,89,5972.2,4723.5,250.0,81.65,100,55,77,6032.9,4434.1,250.0,81.61,100,46,87,6181.2,5442.1,250.0,81.61,100,56,80,6199.2,5039.3,18.9,64,0
1774524470.272,114.170,249.9,81.61,100,49,89,4979.7,5666.4,250.0,81.65,100,55,77,4825.7,4442.5,249.9,81.61,100,45,87,5085.1,5144.3,249.9,81.61,100,56,80,6014.0,4015.6,18.9,64,0
1774524470.697,114.595,250.0,81.61,100,49,89,6053.8,4513.7,250.0,81.65,100,55,77,6053.5,4351.2,249.9,81.61,100,45,87,6191.7,4934.3,249.9,81.61,100,56,80,5913.8,4243.7,18.9,64,0
1774524471.123,115.021,250.0,81.61,100,49,89,4965.8,5591.1,250.1,81.65,100,55,77,4978.7,6260.2,250.0,81.61,100,46,87,6423.6,6330.0,250.0,81.61,100,56,80,4863.5,5792.4,19.0,64,0
1774524471.558,115.457,250.1,81.61,100,49,89,4949.6,5722.2,249.9,81.65,100,54,77,4961.6,5542.8,249.9,81.61,100,46,87,5022.4,6551.0,250.0,81.61,100,56,80,4765.0,5672.1,19.0,64,0
1774524471.988,115.886,250.1,81.61,100,49,89,5898.2,4863.2,249.9,81.65,100,55,77,6166.3,4834.1,250.0,81.61,100,45,87,6044.1,5014.5,250.0,81.61,100,56,80,6004.7,3948.2,19.1,64,0
1774524472.421,116.319,250.0,81.61,100,49,89,6062.0,4525.6,250.1,81.65,100,55,77,6129.8,4557.6,250.0,81.61,100,46,87,5414.1,5975.3,250.0,81.61,100,57,80,4781.6,5717.8,19.1,64,0
1774524472.846,116.745,250.0,81.61,100,49,89,4909.4,5808.6,250.1,81.65,100,54,78,4869.3,5605.3,250.0,81.61,100,46,87,6377.9,6065.2,250.0,81.61,100,56,80,5671.7,5801.1,19.1,64,0
1774524473.286,117.185,250.0,81.61,100,49,89,4896.6,5726.3,250.1,81.65,100,54,78,4938.8,5605.3,250.0,81.61,100,46,87,5006.4,5127.0,249.9,81.61,100,56,80,5988.5,4015.6,19.2,64,0
1774524473.714,117.613,250.0,81.61,100,49,89,6073.3,4534.0,250.0,81.65,100,55,77,6028.0,4595.4,250.0,81.61,100,46,87,6198.4,5017.7,249.9,81.61,100,56,80,6088.2,3990.2,19.2,64,0
1774524474.140,118.039,250.0,81.61,100,49,89,4943.1,5629.1,249.9,81.65,100,55,78,6250.6,5580.7,250.0,81.61,100,45,87,5105.9,6185.4,250.0,81.61,100,56,80,4864.1,5720.1,19.3,64,0
1774524474.571,118.470,250.0,81.61,100,49,89,4802.0,4672.2,250.0,81.65,100,55,78,5065.4,4688.6,250.0,81.61,100,46,87,6037.5,5149.9,250.0,81.61,100,57,80,5999.0,4016.0,19.3,64,0
1774524474.996,118.895,249.9,81.61,100,50,89,6025.7,5177.7,250.1,81.65,100,55,78,6047.2,4546.4,250.0,81.61,100,46,87,6181.9,5209.8,250.1,81.61,100,56,80,6006.2,3949.0,19.3,64,0
1774524475.429,119.327,250.0,81.61,100,49,89,4998.5,5544.4,250.0,81.65,100,55,78,4941.2,5508.4,250.1,81.61,100,46,87,5000.5,6272.4,250.0,81.61,100,57,80,4836.8,5821.1,19.4,64,0
1774524475.855,119.754,249.9,81.61,100,49,89,5957.5,4694.4,249.9,81.65,100,55,78,5954.6,4745.4,250.0,81.61,100,45,87,6281.0,5697.4,250.0,81.61,100,57,80,6023.3,4085.1,19.4,64,0
1774524476.292,120.191,250.0,81.61,100,49,89,6056.0,4774.6,249.9,81.65,100,55,78,6072.7,4693.2,249.9,81.61,100,46,87,6118.4,5075.7,250.0,81.61,100,57,80,6059.9,3948.3,19.5,64,0
1774524476.719,120.617,250.0,81.61,100,49,89,4888.3,5681.3,249.9,81.65,100,55,78,5018.1,5465.4,249.9,81.61,100,46,87,5083.0,6313.4,250.0,81.61,100,57,80,4864.7,5775.8,19.5,64,0
1774524477.146,121.045,250.0,81.61,100,49,89,5975.1,4657.3,250.1,81.65,100,54,78,5954.9,4532.1,250.0,81.61,100,46,87,5061.9,4890.4,250.0,81.61,100,56,80,6009.3,4015.9,19.5,64,0
1774524477.580,121.478,250.0,81.61,100,50,89,6024.9,4604.8,250.0,81.65,100,55,78,5991.8,4641.9,250.1,81.61,100,46,87,6211.8,4957.0,250.0,81.61,100,56,80,6166.0,3946.4,19.6,64,0
1774524478.006,121.905,250.1,81.61,100,49,89,5003.4,5648.4,249.9,81.65,100,55,78,4931.3,5517.7,250.0,81.61,100,46,87,5068.2,6394.4,250.0,81.61,100,57,80,5346.9,5773.1,19.6,64,0
1774524478.440,122.338,250.0,81.61,100,50,89,4950.5,4580.0,250.0,81.65,100,55,78,5920.0,4663.4,249.9,81.61,100,46,87,6099.1,5149.8,250.0,81.61,100,57,80,6078.6,3949.0,19.7,64,0
1774524478.866,122.764,250.0,81.61,100,49,89,6013.7,4594.3,250.0,81.65,100,54,78,5633.2,5042.4,250.0,81.61,100,46,87,4952.1,6899.6,250.0,81.61,100,56,80,6109.8,5027.8,19.7,64,0
1774524479.307,123.205,250.0,81.61,100,49,89,4804.3,5595.0,250.0,81.65,100,55,78,4890.5,5516.0,250.0,81.61,100,46,87,5062.1,6231.7,250.0,81.61,100,56,80,4780.5,5760.7,19.7,64,0
1774524479.733,123.631,250.1,81.61,100,49,89,5934.9,4742.6,250.0,81.65,100,55,78,5996.7,4628.7,250.0,81.61,100,46,87,6153.6,5061.5,250.0,81.61,100,56,80,6024.8,3993.9,19.8,64,0
1774524480.160,124.059,250.1,81.61,100,49,89,4905.2,6000.0,249.9,81.65,100,55,78,4944.8,5417.6,250.0,81.61,100,46,87,5011.1,6262.0,250.0,81.61,100,57,80,4860.6,5666.6,19.8,64,0
1774524480.589,124.488,250.0,81.61,100,49,89,4914.1,4625.5,250.0,81.65,100,55,78,5892.9,4517.7,250.0,81.61,100,46,87,6092.1,5023.5,250.0,81.61,100,57,80,5997.3,3948.8,19.9,64,0
1774524481.015,124.914,249.9,81.61,100,50,89,7268.2,4619.1,250.0,81.65,100,55,78,5953.8,4437.6,249.9,81.61,100,46,87,6122.8,5220.9,250.0,81.61,100,57,80,4781.0,5320.6,19.9,64,0
1774524481.448,125.346,250.0,81.61,100,49,89,4873.8,5509.7,250.0,81.65,100,55,78,4934.3,5647.5,250.0,81.61,100,46,87,5034.5,6640.9,249.9,81.61,100,57,80,4798.6,5324.5,19.9,64,0
1774524481.879,125.778,250.0,81.61,100,49,89,5951.2,4805.7,250.1,81.65,100,54,78,6211.4,4493.3,250.0,81.61,100,46,87,6790.1,5417.3,250.1,81.61,100,57,80,6007.0,3924.5,20.0,64,0
1774524482.317,126.215,250.0,81.61,100,50,89,6054.3,4709.5,249.9,81.65,100,55,78,5976.4,4434.4,250.0,81.61,100,46,87,6192.0,5215.6,250.0,81.61,100,56,80,4781.4,5644.8,20.0,64,0
1774524482.742,126.641,250.1,81.61,100,49,89,5019.4,5548.6,249.9,81.65,100,55,78,4817.6,5685.8,250.1,81.61,100,45,87,4979.9,6317.5,250.0,81.61,100,57,80,4781.8,5140.6,20.1,64,0
1774524483.172,127.071,250.1,81.61,100,49,89,6048.6,4524.5,249.9,81.65,100,55,78,5965.8,4631.9,250.1,81.61,100,45,87,6201.8,5320.6,250.0,81.61,100,57,80,6014.9,4034.8,20.1,64,0
1774524483.598,127.497,250.0,81.61,100,49,89,4995.3,5910.9,250.1,81.65,100,55,78,4928.4,5596.5,250.0,81.61,100,46,87,5015.6,6209.1,249.9,81.61,100,56,80,4860.9,5726.3,20.1,64,0
1774524484.024,127.922,249.9,81.61,100,49,89,5682.4,5950.1,250.1,81.65,100,55,78,4848.8,4560.8,250.0,81.61,100,46,87,5080.5,5145.6,250.0,81.61,100,57,80,5914.7,4025.3,20.2,64,0
1774524484.454,128.353,249.9,81.61,100,49,89,6036.9,4662.0,250.1,81.65,100,55,78,6059.6,4711.2,250.0,81.61,100,46,87,6157.4,4984.3,250.1,81.61,100,56,80,5986.6,4523.4,20.2,64,0
1774524484.880,128.778,250.1,81.61,100,49,89,5038.3,5606.5,250.0,81.65,100,55,78,5133.1,5627.1,250.0,81.61,100,46,87,6109.1,6588.8,250.0,81.61,100,57,80,4869.6,5669.0,20.3,64,0
1774524485.316,129.214,249.9,81.61,100,49,89,4907.8,5731.8,249.9,81.65,100,55,78,4827.7,4622.4,250.0,81.61,100,45,87,5592.3,5265.6,250.0,81.61,100,57,80,5869.4,4015.5,20.3,64,0
1774524485.742,129.640,250.0,81.61,100,49,89,6018.4,4490.9,249.9,81.65,100,55,78,5986.1,4719.4,250.0,81.61,100,46,87,5362.5,5968.1,250.0,81.61,100,57,80,4862.9,5603.4,20.3,64,0
1774524486.167,130.066,250.0,81.61,100,49,89,4985.9,5621.8,250.0,81.65,100,55,78,6087.3,5420.1,250.0,81.61,100,46,87,5049.6,6371.3,250.0,81.61,100,57,80,4744.6,5767.1,20.4,64,0
1774524486.606,130.505,250.0,81.61,100,49,89,4867.2,4477.4,250.0,81.65,100,55,78,5284.1,4635.9,250.0,81.61,100,46,87,6066.8,4838.6,250.0,81.61,100,56,80,6017.2,3978.3,20.4,64,0
1774524487.032,130.931,250.0,81.61,100,50,89,6049.0,4863.5,250.0,81.65,100,55,78,6035.3,4679.4,250.0,81.61,100,46,87,6116.0,5149.8,249.9,81.61,100,56,80,6095.9,4954.6,20.5,64,0
1774524487.467,131.366,250.0,81.61,100,49,89,4903.2,5642.1,250.0,81.65,100,55,78,4949.6,5457.2,250.1,81.61,100,45,87,5090.6,6294.6,250.0,81.61,100,56,80,4833.3,5864.3,20.5,64,0
1774524487.894,131.793,250.0,81.61,100,50,89,4915.9,5731.7,250.0,81.65,100,55,78,5111.2,6815.6,249.9,81.61,100,46,87,6116.6,6278.4,250.1,81.61,100,57,80,4864.6,5755.7,20.6,64,0
1774524488.338,132.236,250.0,81.61,100,49,89,5065.0,5561.6,249.9,81.65,100,54,78,4965.3,5456.9,250.0,81.61,100,46,87,5085.7,6389.5,250.0,81.61,100,56,80,4863.4,5734.8,20.6,64,0
1774524488.771,132.669,250.1,81.61,100,49,89,5984.8,4537.8,249.9,81.65,100,54,78,5949.1,4699.4,250.1,81.61,100,45,87,6125.2,5130.0,249.9,81.61,100,57,80,6072.0,4089.1,20.6,64,0
1774524489.199,133.097,249.9,81.61,100,49,89,5143.8,5533.4,250.0,81.65,100,55,78,4941.1,5585.9,250.1,81.61,100,45,87,4994.7,6568.0,249.9,81.61,100,57,80,4861.1,5721.3,20.7,64,0
1774524489.627,133.526,249.9,81.61,100,49,89,4973.9,5797.8,249.9,81.65,100,55,78,4836.3,5549.5,249.9,81.61,100,46,87,4968.0,6138.0,249.9,81.61,100,57,80,4860.9,4124.9,20.8,64,0
1774524490.054,133.953,249.9,81.61,100,50,89,5991.4,4427.3,250.1,81.65,100,54,78,5985.6,4454.8,250.0,81.61,100,46,87,6055.3,5081.8,250.0,81.61,100,56,80,7306.1,3982.9,20.8,64,0
1774524490.486,134.384,249.9,81.61,100,49,89,4908.7,5777.8,250.0,81.65,100,54,78,4947.5,5395.8,250.1,81.61,100,46,87,5124.0,6339.0,250.0,81.61,100,56,80,4862.2,5657.6,20.8,64,0
1774524490.912,134.810,250.1,81.61,100,49,89,5971.3,6868.6,250.0,81.65,100,55,78,4969.8,6612.0,250.1,81.61,100,46,87,5061.6,6477.0,250.0,81.61,100,57,80,4694.4,5748.8,20.9,64,0
1774524491.355,135.253,250.1,81.61,100,49,89,5972.2,4732.1,250.0,81.65,100,55,78,5871.0,4474.9,250.0,81.61,100,45,87,6119.8,5250.7,250.0,81.61,100,56,80,5977.8,4015.3,20.9,64,0
1774524491.780,135.679,250.0,81.61,100,49,89,4859.6,5589.7,250.0,81.65,100,55,78,4971.2,5481.9,250.0,81.61,100,46,87,5133.9,6437.3,250.0,81.61,100,57,80,4886.3,6178.3,21.0,64,0
1774524492.210,136.108,249.9,81.61,100,49,89,5417.4,5672.8,250.0,81.65,100,55,78,4850.5,4336.7,250.0,81.61,100,46,87,5203.1,5188.0,250.0,81.61,100,57,80,5918.4,3953.6,21.0,64,0
1774524492.639,136.538,249.9,81.61,100,49,89,5920.0,4864.0,250.0,81.65,100,55,78,5969.0,4410.5,250.0,81.61,100,46,87,6042.7,4911.9,250.0,81.61,100,57,80,4780.8,5489.1,21.0,64,0
1774524493.065,136.964,250.0,81.61,100,49,89,4885.1,5807.1,249.9,81.65,100,55,78,4901.7,5388.5,250.0,81.61,100,46,87,5011.8,5226.5,250.0,81.61,100,56,80,5879.8,4421.7,21.1,64,0
1774524493.495,137.394,250.1,81.61,100,50,89,5948.9,4617.2,250.0,81.65,100,55,78,5961.0,4594.6,250.0,81.61,100,46,87,6114.2,4886.6,250.0,81.61,100,56,80,5968.4,3904.6,21.1,64,0
1774524493.922,137.820,250.0,81.61,100,49,89,5068.4,5996.4,249.9,81.65,100,55,78,5416.2,6168.1,250.0,81.61,100,46,86,6123.4,6494.0,250.0,81.61,100,57,80,4781.0,5624.7,21.2,64,0
1774524494.363,138.262,249.9,81.61,100,49,89,4885.2,5753.0,250.0,81.65,100,55,78,4809.3,4932.3,250.0,81.61,100,45,87,5161.9,5740.0,250.0,81.61,100,56,80,4718.1,3976.7,21.2,64,0
1774524494.795,138.694,249.9,81.61,100,50,89,6003.4,4529.3,250.0,81.65,100,55,78,6034.8,4577.4,249.9,81.61,100,46,87,6153.3,4849.4,250.0,81.61,100,57,80,5154.7,4166.6,21.2,64,0
1774524495.222,139.120,250.0,81.61,100,50,89,5114.3,5705.2,250.0,81.65,100,55,78,4806.8,5504.0,249.9,81.61,100,46,87,4987.8,6460.9,250.0,81.61,100,57,80,4696.3,4015.6,21.3,64,0
1774524495.650,139.548,250.0,81.61,100,50,89,6006.7,4605.4,250.0,81.65,100,55,78,5916.0,4544.2,250.0,81.61,100,46,86,6123.3,5197.8,250.0,81.61,100,57,80,5914.2,3834.1,21.3,64,0
1774524496.076,139.975,249.9,81.61,100,50,89,4826.9,5876.7,250.0,81.65,100,55,78,4824.8,5551.1,250.0,81.61,100,46,86,5054.6,7704.8,250.0,81.61,100,57,80,4779.1,5735.2,21.4,64,0
1774524496.535,140.434,250.0,81.61,100,50,89,4883.1,5525.6,250.0,81.65,100,55,78,4858.5,5387.4,250.0,81.61,100,46,87,5064.9,6509.1,250.0,81.61,100,56,80,4783.2,5635.0,21.4,64,0
1774524496.962,140.861,250.1,81.61,100,50,89,7059.7,4989.9,249.9,81.65,100,55,78,6126.5,5283.0,250.0,81.61,100,46,87,4958.3,5606.1,250.0,81.61,100,56,80,4773.1,3948.9,21.4,64,0
1774524497.401,141.300,250.1,81.61,100,50,89,5955.6,4710.2,250.0,81.65,100,55,78,5986.9,4374.2,250.0,81.61,100,46,86,6128.5,5407.1,250.0,81.61,100,57,80,4730.8,5657.2,21.1,63,0
1774524497.831,141.730,250.0,81.61,100,49,89,4897.4,5568.7,250.0,81.65,100,55,78,4927.8,5600.7,250.0,81.61,100,46,86,5044.3,6930.7,250.0,81.61,100,57,80,4787.6,6757.4,21.2,63,0
1774524498.267,142.166,250.0,81.61,100,50,89,4911.7,4570.5,250.0,81.65,100,55,78,5906.0,4592.2,249.9,81.61,100,46,86,6102.0,5252.6,250.0,81.61,100,57,80,5984.5,3948.4,21.2,63,0
1774524498.694,142.592,249.9,81.61,100,50,89,6053.2,4631.5,250.0,81.65,100,55,78,4956.2,5467.4,249.9,81.61,100,46,86,5024.8,6337.9,250.0,81.61,100,57,80,4860.9,5587.3,21.2,63,0
1774524499.119,143.017,249.9,81.61,100,50,89,4802.8,4758.7,250.0,81.65,100,55,78,4870.2,6827.3,250.0,81.61,100,46,86,5933.8,6511.0,250.0,81.61,100,56,80,4779.8,5740.6,21.3,63,0
1774524499.557,143.455,249.9,81.61,100,50,89,5952.3,4440.9,250.1,81.65,100,55,78,5912.8,4806.1,250.0,81.61,100,46,86,6223.1,5377.6,250.0,81.61,100,57,80,6022.9,4017.8,21.0,62,0
1774524499.982,143.881,250.1,81.61,100,50,89,5506.5,3963.3,250.0,81.65,100,56,78,5351.2,3780.5,250.0,81.61,100,46,86,5483.0,4387.7,250.0,81.61,100,55,80,5436.4,3661.8,18.3,54,0
1774524500.414,144.313,250.0,81.61,100,49,89,3889.8,3811.6,250.0,81.65,100,56,78,3305.0,3440.8,250.1,81.61,100,45,86,3998.2,3444.8,250.1,81.61,100,55,81,3890.3,3697.6,10.2,30,0
1774524500.844,144.742,250.0,81.61,100,48,89,3396.7,3806.1,250.0,81.65,99,55,78,3677.8,1453.4,250.0,81.61,99,44,86,0.5,3.8,250.1,81.61,99,55,81,4.7,0.6,0.0,0,0
1774524501.269,145.168,225.1,81.61,0,0,86,1.5,0.5,250.0,81.65,99,55,78,0.5,0.5,199.6,81.61,0,0,84,0.5,0.5,191.8,81.61,0,0,78,0.5,0.4,0.0,0,0
